Game_Date,Home_Team,Away_Team,Predicted_Over_4_5,Actual_Over_4_5,Confidence,Model_Total,is_pending,Runs_1_5
2025-03-27,,CHC,0,1.0,0.58,2.52,False,
2025-03-27,CHW,LAA,0,0.0,0.55,2.7,False,3.0
2025-03-27,CIN,SFG,1,1.0,0.52,3.12,False,5.0
2025-03-27,HOU,NYM,1,0.0,0.5163,3.1,False,3.0
2025-03-27,KCR,CLE,1,1.0,0.56,3.36,False,5.0
2025-03-27,LAD,DET,1,1.0,0.59,3.54,False,6.0
2025-03-27,MIA,PIT,0,0.0,0.58,2.52,False,3.0
2025-03-27,NYY,MIL,1,0.0,0.5001,3.0,False,3.0
2025-03-27,SDP,ATL,1,1.0,0.53,3.18,False,7.0
2025-03-27,SEA,OAK,1,0.0,0.59,3.54,False,
2025-03-27,STL,MIN,1,1.0,0.61,3.66,False,6.0
2025-03-27,TEX,BOS,1,0.0,0.6684,4.01,False,4.0
2025-03-27,TOR,BAL,1,1.0,0.56,3.36,False,8.0
2025-03-27,WSN,PHI,1,0.0,0.5059,3.04,False,1.0
2025-03-28,,CHC,1,1.0,0.72,4.32,False,
2025-03-28,HOU,NYM,0,0.0,0.5137,2.92,False,4.0
2025-03-28,LAD,DET,0,0.0,0.5051,2.97,False,2.0
2025-03-28,MIA,PIT,0,1.0,0.54,2.76,False,5.0
2025-03-28,SDP,ATL,0,1.0,0.53,2.82,False,6.0
2025-03-28,SEA,OAK,1,0.0,0.54,3.24,False,
2025-03-28,TBR,COL,0,0.0,0.58,2.52,False,2.0
2025-03-28,TEX,BOS,0,0.0,0.5279,2.83,False,3.0
2025-03-28,TOR,BAL,0,1.0,0.527,2.84,False,7.0
2025-03-29,,CHC,0,0.0,0.7,1.8,False,
2025-03-29,CHW,LAA,0,0.0,0.62,2.28,False,0.0
2025-03-29,CIN,SFG,0,0.0,0.6144,2.31,False,4.0
2025-03-29,HOU,NYM,1,0.0,0.542,3.25,False,1.0
2025-03-29,KCR,CLE,0,0.0,0.61,2.34,False,4.0
2025-03-29,LAD,DET,1,1.0,0.6249,3.75,False,6.0
2025-03-29,MIA,PIT,0,0.0,0.57,2.58,False,2.0
2025-03-29,NYY,MIL,1,1.0,0.5229,3.14,False,22.0
2025-03-29,SDP,ATL,0,0.0,0.54,2.76,False,0.0
2025-03-29,SEA,OAK,0,0.0,0.5,3.0,False,
2025-03-29,STL,MIN,0,0.0,0.5258,2.84,False,2.0
2025-03-29,TBR,COL,0,0.0,0.577,2.54,False,1.0
2025-03-29,TEX,BOS,1,1.0,0.5484,3.29,False,6.0
2025-03-29,TOR,BAL,0,1.0,0.537,2.78,False,13.0
2025-03-29,WSN,PHI,1,0.0,0.5259,3.16,False,4.0
2025-03-30,,CHC,0,0.0,0.67,1.98,False,
2025-03-30,CHW,LAA,0,0.0,0.54,2.76,False,4.0
2025-03-30,CIN,SFG,0,0.0,0.5944,2.43,False,1.0
2025-03-30,KCR,CLE,0,0.0,0.51,2.94,False,3.0
2025-03-30,MIA,PIT,0,0.0,0.5861,2.48,False,3.0
2025-03-30,NYY,MIL,1,1.0,0.53,3.18,False,8.0
2025-03-30,SDP,ATL,0,0.0,0.59,2.46,False,2.0
2025-03-30,SEA,OAK,0,0.0,0.57,2.58,False,
2025-03-30,STL,MIN,1,1.0,0.54,3.24,False,10.0
2025-03-30,TBR,COL,0,0.0,0.59,2.46,False,3.0
2025-03-30,TEX,BOS,0,0.0,0.5516,2.69,False,1.0
2025-03-30,TOR,BAL,0,0.0,0.547,2.72,False,3.0
2025-03-30,WSN,PHI,1,0.0,0.5459,3.28,False,3.0
2025-03-31,OAK,CHC,1,1.0,0.67,4.02,False,
2025-03-31,BAL,BOS,1,1.0,0.6347,3.81,False,7.0
2025-03-31,CHW,MIN,0,1.0,0.6323,2.21,False,9.0
2025-03-31,CIN,TEX,1,1.0,0.55,3.3,False,6.0
2025-03-31,HOU,SFG,0,0.0,0.54,2.76,False,2.0
2025-03-31,LAD,ATL,1,1.0,0.5739,3.44,False,5.0
2025-03-31,MIA,NYM,0,1.0,0.528,2.83,False,9.0
2025-03-31,MIL,KCR,0,0.0,0.7204,1.68,False,4.0
2025-03-31,PHI,COL,0,0.0,0.5728,2.56,False,0.0
2025-03-31,SDP,CLE,1,1.0,0.5625,3.37,False,9.0
2025-03-31,SEA,DET,0,1.0,0.5179,2.89,False,12.0
2025-03-31,STL,LAA,0,0.0,0.62,2.28,False,4.0
2025-03-31,TBR,PIT,0,0.0,0.557,2.66,False,4.0
2025-03-31,TOR,WSN,0,0.0,0.6228,2.26,False,4.0
2025-04-01,OAK,CHC,1,1.0,0.69,4.14,False,
2025-04-01,CHW,MIN,0,0.0,0.654,2.08,False,3.0
2025-04-01,CIN,TEX,0,0.0,0.65,2.1,False,1.0
2025-04-01,HOU,SFG,0,0.0,0.55,2.7,False,4.0
2025-04-01,LAD,ATL,1,0.0,0.58,3.48,False,1.0
2025-04-01,MIA,NYM,1,1.0,0.55,3.3,False,6.0
2025-04-01,MIL,KCR,0,0.0,0.65,2.1,False,2.0
2025-04-01,NYY,,1,1.0,0.5956,3.57,False,
2025-04-01,SDP,CLE,0,0.0,0.55,2.7,False,3.0
2025-04-01,SEA,DET,0,0.0,0.55,2.7,False,3.0
2025-04-01,STL,LAA,0,1.0,0.52,2.88,False,5.0
2025-04-01,TBR,PIT,0,1.0,0.567,2.6,False,6.0
2025-04-01,TOR,WSN,0,0.0,0.6174,2.3,False,3.0
2025-04-02,OAK,CHC,1,1.0,0.67,4.02,False,
2025-04-02,BAL,BOS,1,0.0,0.6003,3.6,False,3.0
2025-04-02,CHW,MIN,0,1.0,0.634,2.2,False,6.0
2025-04-02,CIN,TEX,0,0.0,0.59,2.46,False,1.0
2025-04-02,HOU,SFG,0,1.0,0.53,2.82,False,8.0
2025-04-02,LAD,ATL,1,1.0,0.61,3.66,False,8.0
2025-04-02,MIA,NYM,1,0.0,0.573,3.44,False,3.0
2025-04-02,MIL,KCR,0,0.0,0.63,2.22,False,2.0
2025-04-02,NYY,,1,0.0,0.5956,3.57,False,
2025-04-02,PHI,COL,0,0.0,0.5628,2.62,False,2.0
2025-04-02,SDP,CLE,0,0.0,0.57,2.58,False,4.0
2025-04-02,SEA,DET,0,1.0,0.51,2.94,False,5.0
2025-04-02,STL,LAA,0,0.0,0.58,2.52,False,2.0
2025-04-02,TBR,PIT,0,0.0,0.58,2.52,False,2.0
2025-04-02,TOR,WSN,0,0.0,0.5974,2.42,False,3.0
2025-04-03,BAL,BOS,1,1.0,0.6207,3.72,False,8.0
2025-04-03,MIL,CIN,0,0.0,0.6944,1.83,False,1.0
2025-04-03,MIN,HOU,0,1.0,0.62,2.28,False,6.0
2025-04-03,NYY,,1,1.0,0.5956,3.57,False,
2025-04-03,PHI,COL,0,0.0,0.5828,2.5,False,1.0
2025-04-04,ATL,MIA,0,0.0,0.5044,2.97,False,3.0
2025-04-04,BOS,STL,0,1.0,0.5065,2.96,False,13.0
2025-04-04,CHC,SDP,0,0.0,0.6466,2.12,False,4.0
2025-04-04,COL,OAK,0,0.0,0.58,2.52,False,
2025-04-04,DET,CHW,0,1.0,0.6021,2.39,False,7.0
2025-04-04,KCR,BAL,1,1.0,0.51,3.06,False,5.0
2025-04-04,LAA,CLE,0,1.0,0.55,2.7,False,8.0
2025-04-04,MIL,CIN,0,0.0,0.6744,1.95,False,3.0
2025-04-04,NYM,TOR,0,0.0,0.5058,2.97,False,2.0
2025-04-04,PHI,LAD,0,0.0,0.55,2.7,False,1.0
2025-04-04,PIT,NYY,1,1.0,0.75,4.5,False,8.0
2025-04-04,SFG,SEA,0,1.0,0.636,2.18,False,11.0
2025-04-04,TEX,TBR,0,0.0,0.5779,2.53,False,4.0
2025-04-04,WSN,,1,1.0,0.663,3.98,False,
2025-04-05,ATL,MIA,1,0.0,0.5256,3.15,False,3.0
2025-04-05,BOS,STL,0,0.0,0.5041,2.98,False,0.0
2025-04-05,CHC,SDP,0,0.0,0.6748,1.95,False,4.0
2025-04-05,COL,OAK,0,0.0,0.68,1.92,False,
2025-04-05,DET,CHW,0,1.0,0.6221,2.27,False,9.0
2025-04-05,KCR,BAL,0,0.0,0.5132,2.92,False,2.0
2025-04-05,LAA,CLE,0,1.0,0.57,2.58,False,13.0
2025-04-05,MIL,CIN,0,1.0,0.5944,2.43,False,12.0
2025-04-05,MIN,HOU,0,1.0,0.647,2.12,False,7.0
2025-04-05,NYM,TOR,0,0.0,0.534,2.8,False,1.0
2025-04-05,PHI,LAD,0,0.0,0.6,2.4,False,3.0
2025-04-05,PIT,NYY,1,1.0,0.77,4.62,False,12.0
2025-04-05,SFG,SEA,0,0.0,0.7223,1.67,False,3.0
2025-04-05,TEX,TBR,0,1.0,0.5816,2.51,False,5.0
2025-04-05,WSN,,0,0.0,0.557,2.66,False,
2025-04-06,ATL,MIA,0,0.0,0.5644,2.61,False,0.0
2025-04-06,BOS,STL,0,0.0,0.6294,2.22,False,3.0
2025-04-06,BOS,STL,0,0.0,0.6294,2.22,False,13.0
2025-04-06,BOS,STL,0,0.0,0.6294,2.22,False,3.0
2025-04-06,BOS,STL,0,0.0,0.6294,2.22,False,13.0
2025-04-06,BOS,STL,0,0.0,0.6294,2.22,False,3.0
2025-04-06,BOS,STL,0,0.0,0.6294,2.22,False,13.0
2025-04-06,BOS,STL,0,0.0,0.6294,2.22,False,3.0
2025-04-06,BOS,STL,0,0.0,0.6294,2.22,False,13.0
2025-04-06,BOS,STL,0,1.0,0.6294,2.22,False,3.0
2025-04-06,BOS,STL,0,1.0,0.6294,2.22,False,13.0
2025-04-06,BOS,STL,0,1.0,0.6294,2.22,False,3.0
2025-04-06,BOS,STL,0,1.0,0.6294,2.22,False,13.0
2025-04-06,BOS,STL,0,1.0,0.6294,2.22,False,3.0
2025-04-06,BOS,STL,0,1.0,0.6294,2.22,False,13.0
2025-04-06,BOS,STL,0,1.0,0.6294,2.22,False,3.0
2025-04-06,BOS,STL,0,1.0,0.6294,2.22,False,13.0
2025-04-06,CHC,SDP,0,1.0,0.6348,2.19,False,13.0
2025-04-06,COL,OAK,0,1.0,0.5,3.0,False,
2025-04-06,DET,CHW,0,0.0,0.6961,1.82,False,4.0
2025-04-06,KCR,BAL,1,0.0,0.5368,3.22,False,4.0
2025-04-06,LAA,CLE,0,0.0,0.67,1.98,False,4.0
2025-04-06,MIL,CIN,0,1.0,0.6344,2.19,False,8.0
2025-04-06,MIN,HOU,0,1.0,0.5844,2.49,False,11.0
2025-04-06,NYM,TOR,0,0.0,0.5066,2.96,False,3.0
2025-04-06,PHI,LAD,1,1.0,0.53,3.18,False,10.0
2025-04-06,PIT,NYY,1,1.0,0.77,4.62,False,5.0
2025-04-06,SFG,SEA,0,1.0,0.7123,1.73,False,6.0
2025-04-06,TEX,TBR,0,0.0,0.5479,2.71,False,2.0
2025-04-06,WSN,,1,1.0,0.653,3.92,False,
2025-04-07,,BAL,1,1.0,0.72,4.32,False,
2025-04-07,OAK,SDP,0,1.0,0.62,2.28,False,
2025-04-07,BOS,TOR,0,0.0,0.6163,2.3,False,4.0
2025-04-07,CHC,TEX,0,0.0,0.6,2.4,False,3.0
2025-04-07,DET,NYY,1,1.0,0.63,3.78,False,6.0
2025-04-07,KCR,MIN,0,0.0,0.59,2.46,False,4.0
2025-04-07,NYM,MIA,0,0.0,0.5754,2.55,False,1.0
2025-04-07,PIT,STL,1,1.0,0.5677,3.41,False,5.0
2025-04-07,SFG,CIN,0,0.0,0.7479,1.51,False,0.0
2025-04-07,SEA,HOU,0,0.0,0.6579,2.05,False,2.0
2025-04-07,WSN,LAD,1,1.0,0.79,4.74,False,5.0
2025-04-08,,BAL,1,1.0,0.7,4.2,False,
2025-04-08,OAK,SDP,0,1.0,0.64,2.16,False,
2025-04-08,ATL,PHI,0,1.0,0.5128,2.92,False,8.0
2025-04-08,BOS,TOR,0,0.0,0.5942,2.43,False,0.0
2025-04-08,CHC,TEX,1,1.0,0.53,3.18,False,9.0
2025-04-08,CLE,CHW,0,0.0,0.537,2.78,False,0.0
2025-04-08,COL,MIL,1,1.0,0.52,3.12,False,5.0
2025-04-08,DET,NYY,1,1.0,0.62,3.72,False,5.0
2025-04-08,KCR,MIN,0,0.0,0.5481,2.71,False,2.0
2025-04-08,NYM,MIA,0,1.0,0.5654,2.61,False,8.0
2025-04-08,PIT,STL,0,0.0,0.6267,2.24,False,4.0
2025-04-08,SFG,CIN,0,0.0,0.6913,1.85,False,1.0
2025-04-08,SEA,HOU,0,0.0,0.6579,2.05,False,0.0
2025-04-08,TBR,LAA,1,0.0,0.513,3.08,False,2.0
2025-04-08,WSN,LAD,1,1.0,0.73,4.38,False,9.0
2025-04-09,,BAL,1,1.0,0.71,4.26,False,
2025-04-09,OAK,SDP,0,0.0,0.7,1.8,False,
2025-04-09,ATL,PHI,0,0.0,0.5457,2.73,False,0.0
2025-04-09,BOS,TOR,0,0.0,0.589,2.47,False,2.0
2025-04-09,CHC,TEX,1,1.0,0.52,3.12,False,6.0
2025-04-09,CLE,CHW,0,0.0,0.557,2.66,False,4.0
2025-04-09,COL,MIL,1,1.0,0.51,3.06,False,12.0
2025-04-09,DET,NYY,0,0.0,0.53,2.82,False,0.0
2025-04-09,KCR,MIN,0,0.0,0.59,2.46,False,1.0
2025-04-09,NYM,MIA,0,0.0,0.6054,2.37,False,2.0
2025-04-09,PIT,STL,0,0.0,0.5723,2.57,False,0.0
2025-04-09,SFG,CIN,0,1.0,0.5523,2.69,False,6.0
2025-04-09,SEA,HOU,0,0.0,0.6579,2.05,False,4.0
2025-04-09,TBR,LAA,1,1.0,0.593,3.56,False,7.0
2025-04-09,WSN,LAD,1,1.0,0.6079,3.65,False,9.0
2025-04-10,ATL,PHI,0,0.0,0.5457,2.73,False,2.0
2025-04-10,BOS,TOR,0,0.0,0.5286,2.83,False,0.0
2025-04-10,CLE,CHW,1,1.0,0.52,3.12,False,6.0
2025-04-10,COL,MIL,0,0.0,0.51,2.94,False,2.0
2025-04-10,KCR,MIN,0,0.0,0.6,2.4,False,2.0
2025-04-10,TBR,LAA,1,1.0,0.573,3.44,False,11.0
2025-04-11,,MIL,0,0.0,0.82,1.08,False,
2025-04-11,OAK,NYM,0,0.0,0.61,2.34,False,
2025-04-11,BAL,TOR,1,0.0,0.5412,3.25,False,0.0
2025-04-11,CHW,BOS,1,1.0,0.636,3.82,False,7.0
2025-04-11,CIN,PIT,0,1.0,0.53,2.82,False,8.0
2025-04-11,CLE,KCR,0,0.0,0.6,2.4,False,3.0
2025-04-11,HOU,LAA,1,1.0,0.56,3.36,False,9.0
2025-04-11,LAD,CHC,0,0.0,0.6644,2.01,False,0.0
2025-04-11,MIA,WSN,0,0.0,0.55,2.7,False,4.0
2025-04-11,MIN,DET,1,1.0,0.526,3.16,False,5.0
2025-04-11,NYY,SFG,1,1.0,0.5136,3.08,False,9.0
2025-04-11,SDP,COL,0,1.0,0.57,2.58,False,6.0
2025-04-11,SEA,TEX,1,0.0,0.5079,3.05,False,4.0
2025-04-11,STL,PHI,0,0.0,0.5002,3.0,False,2.0
2025-04-11,TBR,ATL,0,0.0,0.6,2.4,False,4.0
2025-04-12,,MIL,0,0.0,0.82,1.08,False,
2025-04-12,OAK,NYM,0,0.0,0.59,2.46,False,
2025-04-12,BAL,TOR,1,1.0,0.5712,3.43,False,5.0
2025-04-12,CHW,BOS,0,0.0,0.584,2.5,False,2.0
2025-04-12,CIN,PIT,0,1.0,0.5461,2.72,False,5.0
2025-04-12,CLE,KCR,0,0.0,0.64,2.16,False,3.0
2025-04-12,HOU,LAA,0,0.0,0.55,2.7,False,4.0
2025-04-12,LAD,CHC,0,0.0,0.6544,2.07,False,1.0
2025-04-12,MIA,WSN,1,1.0,0.59,3.54,False,9.0
2025-04-12,MIN,DET,0,0.0,0.5768,2.54,False,2.0
2025-04-12,NYY,SFG,1,1.0,0.5805,3.48,False,9.0
2025-04-12,SDP,COL,0,0.0,0.63,2.22,False,2.0
2025-04-12,SEA,TEX,1,1.0,0.5079,3.05,False,6.0
2025-04-12,STL,PHI,1,0.0,0.5398,3.24,False,3.0
2025-04-12,TBR,ATL,0,0.0,0.57,2.58,False,2.0
2025-04-13,,MIL,0,0.0,0.82,1.08,False,
2025-04-13,OAK,NYM,0,0.0,0.6,2.4,False,
2025-04-13,BAL,TOR,1,1.0,0.564,3.38,False,6.0
2025-04-13,CHW,BOS,0,0.0,0.574,2.56,False,0.0
2025-04-13,CIN,PIT,0,0.0,0.6861,1.88,False,4.0
2025-04-13,CLE,KCR,0,1.0,0.61,2.34,False,6.0
2025-04-13,HOU,LAA,0,1.0,0.5,3.0,False,7.0
2025-04-13,LAD,CHC,0,0.0,0.6509,2.09,False,2.0
2025-04-13,MIA,WSN,1,1.0,0.5539,3.32,False,6.0
2025-04-13,MIN,DET,1,0.0,0.5229,3.14,False,3.0
2025-04-13,NYY,SFG,1,0.0,0.5947,3.57,False,4.0
2025-04-13,SDP,COL,0,1.0,0.6361,2.18,False,5.0
2025-04-13,SEA,TEX,0,0.0,0.53,2.82,False,3.0
2025-04-13,STL,PHI,0,0.0,0.5102,2.94,False,2.0
2025-04-13,TBR,ATL,0,0.0,0.58,2.52,False,4.0
2025-04-14,LAD,COL,0,0.0,0.54,2.76,False,4.0
2025-04-14,MIL,DET,0,1.0,0.7344,1.59,False,9.0
2025-04-14,MIN,NYM,0,0.0,0.5824,2.51,False,2.0
2025-04-14,NYY,KCR,0,1.0,0.5299,2.82,False,5.0
2025-04-14,PHI,SFG,1,1.0,0.5459,3.28,False,10.0
2025-04-14,PIT,WSN,0,1.0,0.55,2.7,False,5.0
2025-04-14,SDP,CHC,0,0.0,0.6513,2.09,False,4.0
2025-04-14,STL,HOU,1,1.0,0.5151,3.09,False,7.0
2025-04-14,TBR,BOS,1,1.0,0.7263,4.36,False,16.0
2025-04-14,TOR,ATL,1,1.0,0.5556,3.33,False,8.0
2025-04-15,BAL,CLE,0,0.0,0.6104,2.34,False,4.0
2025-04-15,CHW,OAK,0,1.0,0.54,2.76,False,
2025-04-15,CIN,SEA,0,1.0,0.5523,2.69,False,10.0
2025-04-15,LAD,COL,1,1.0,0.57,3.42,False,7.0
2025-04-15,MIA,,1,1.0,0.55,3.3,False,
2025-04-15,MIL,DET,0,0.0,0.6544,2.07,False,3.0
2025-04-15,MIN,NYM,0,1.0,0.5224,2.87,False,6.0
2025-04-15,NYY,KCR,1,0.0,0.5572,3.34,False,2.0
2025-04-15,PHI,SFG,1,0.0,0.5598,3.36,False,4.0
2025-04-15,PIT,WSN,0,0.0,0.73,1.62,False,1.0
2025-04-15,SDP,CHC,0,0.0,0.6613,2.03,False,1.0
2025-04-15,STL,HOU,0,0.0,0.5228,2.86,False,0.0
2025-04-15,TBR,BOS,1,1.0,0.6242,3.75,False,8.0
2025-04-15,TEX,LAA,0,0.0,0.53,2.82,False,0.0
2025-04-15,TOR,ATL,1,1.0,0.5402,3.24,False,7.0
2025-04-16,BAL,CLE,0,1.0,0.5375,2.77,False,5.0
2025-04-16,CHW,OAK,0,0.0,0.73,1.62,False,
2025-04-16,CIN,SEA,0,0.0,0.6279,2.23,False,4.0
2025-04-16,LAD,COL,1,1.0,0.62,3.72,False,14.0
2025-04-16,MIA,,0,0.0,0.59,2.46,False,
2025-04-16,MIL,DET,0,0.0,0.6528,2.08,False,4.0
2025-04-16,MIN,NYM,0,0.0,0.5924,2.45,False,2.0
2025-04-16,NYY,KCR,1,1.0,0.5372,3.22,False,6.0
2025-04-16,PHI,SFG,1,1.0,0.5269,3.16,False,9.0
2025-04-16,PIT,WSN,0,0.0,0.7,1.8,False,1.0
2025-04-16,SDP,CHC,0,0.0,0.638,2.17,False,3.0
2025-04-16,STL,HOU,0,0.0,0.5328,2.8,False,4.0
2025-04-16,TBR,BOS,0,0.0,0.573,2.56,False,1.0
2025-04-16,TEX,LAA,0,0.0,0.54,2.76,False,3.0
2025-04-16,TOR,ATL,0,0.0,0.5444,2.73,False,1.0
2025-04-17,BAL,CLE,0,1.0,0.5475,2.71,False,6.0
2025-04-17,CHW,OAK,0,0.0,0.77,1.38,False,
2025-04-17,CIN,SEA,0,1.0,0.5411,2.75,False,6.0
2025-04-17,DET,KCR,0,0.0,0.64,2.16,False,4.0
2025-04-17,MIA,,1,1.0,0.53,3.18,False,
2025-04-17,NYM,STL,0,1.0,0.5301,2.82,False,5.0
2025-04-17,PHI,SFG,1,1.0,0.5369,3.22,False,6.0
2025-04-17,PIT,WSN,0,0.0,0.74,1.56,False,1.0
2025-04-17,TBR,NYY,1,1.0,0.713,4.28,False,6.0
2025-04-17,TEX,LAA,0,1.0,0.56,2.64,False,7.0
2025-04-18,ATL,MIN,0,1.0,0.6013,2.39,False,5.0
2025-04-18,BAL,CIN,0,1.0,0.5,3.0,False,8.0
2025-04-18,BOS,CHW,0,1.0,0.5028,2.98,False,7.0
2025-04-18,CHC,,0,0.0,0.82,1.08,False,
2025-04-18,COL,WSN,1,0.0,0.61,3.66,False,0.0
2025-04-18,DET,KCR,0,1.0,0.62,2.28,False,6.0
2025-04-18,HOU,SDP,0,1.0,0.5344,2.79,False,7.0
2025-04-18,LAA,SFG,0,0.0,0.67,1.98,False,2.0
2025-04-18,MIL,OAK,0,0.0,0.72,1.68,False,
2025-04-18,NYM,STL,0,0.0,0.5435,2.74,False,4.0
2025-04-18,PHI,MIA,1,1.0,0.513,3.08,False,7.0
2025-04-18,PIT,CLE,0,1.0,0.5587,2.65,False,7.0
2025-04-18,TBR,NYY,1,0.0,0.6577,3.95,False,1.0
2025-04-18,TEX,LAD,1,0.0,0.61,3.66,False,1.0
2025-04-18,TOR,SEA,1,0.0,0.523,3.14,False,4.0
2025-04-19,ATL,MIN,0,0.0,0.6313,2.21,False,4.0
2025-04-19,BAL,CIN,1,1.0,0.51,3.06,False,8.0
2025-04-19,BOS,CHW,0,0.0,0.5189,2.89,False,3.0
2025-04-19,CHC,,0,1.0,0.83,1.02,False,
2025-04-19,COL,WSN,1,1.0,0.61,3.66,False,11.0
2025-04-19,DET,KCR,0,0.0,0.6361,2.18,False,3.0
2025-04-19,HOU,SDP,0,0.0,0.5744,2.55,False,2.0
2025-04-19,LAA,SFG,0,0.0,0.62,2.28,False,4.0
2025-04-19,MIL,OAK,0,0.0,0.67,1.98,False,
2025-04-19,NYM,STL,0,0.0,0.5535,2.68,False,2.0
2025-04-19,PHI,MIA,0,1.0,0.5113,2.93,False,10.0
2025-04-19,PIT,CLE,0,0.0,0.6487,2.11,False,1.0
2025-04-19,TBR,NYY,1,1.0,0.7077,4.25,False,10.0
2025-04-19,TEX,LAD,1,1.0,0.76,4.56,False,5.0
2025-04-19,TOR,SEA,1,0.0,0.523,3.14,False,4.0
2025-04-20,ATL,MIN,0,1.0,0.5813,2.51,False,7.0
2025-04-20,BAL,CIN,0,1.0,0.55,2.7,False,13.0
2025-04-20,BOS,CHW,1,1.0,0.6011,3.61,False,6.0
2025-04-20,CHC,,0,0.0,0.76,1.44,False,
2025-04-20,COL,WSN,0,0.0,0.65,2.1,False,4.0
2025-04-20,COL,WSN,0,0.0,0.65,2.1,False,3.0
2025-04-20,COL,WSN,0,0.0,0.65,2.1,False,4.0
2025-04-20,COL,WSN,0,0.0,0.65,2.1,False,3.0
2025-04-20,COL,WSN,0,0.0,0.66,2.04,False,4.0
2025-04-20,COL,WSN,0,0.0,0.66,2.04,False,3.0
2025-04-20,COL,WSN,0,0.0,0.66,2.04,False,4.0
2025-04-20,COL,WSN,0,0.0,0.66,2.04,False,3.0
2025-04-20,COL,WSN,0,0.0,0.65,2.1,False,4.0
2025-04-20,COL,WSN,0,0.0,0.65,2.1,False,3.0
2025-04-20,COL,WSN,0,0.0,0.65,2.1,False,4.0
2025-04-20,COL,WSN,0,0.0,0.65,2.1,False,3.0
2025-04-20,COL,WSN,0,0.0,0.66,2.04,False,4.0
2025-04-20,COL,WSN,0,0.0,0.66,2.04,False,3.0
2025-04-20,COL,WSN,0,0.0,0.66,2.04,False,4.0
2025-04-20,COL,WSN,0,0.0,0.66,2.04,False,3.0
2025-04-20,DET,KCR,0,0.0,0.5761,2.54,False,4.0
2025-04-20,HOU,SDP,1,0.0,0.5429,3.26,False,4.0
2025-04-20,LAA,SFG,0,0.0,0.61,2.34,False,2.0
2025-04-20,MIL,OAK,0,1.0,0.6,2.4,False,
2025-04-20,NYM,STL,0,0.0,0.5335,2.8,False,3.0
2025-04-20,PHI,MIA,0,1.0,0.5341,2.8,False,5.0
2025-04-20,PIT,CLE,0,0.0,0.5987,2.41,False,2.0
2025-04-20,TBR,NYY,1,0.0,0.6977,4.19,False,2.0
2025-04-20,TEX,LAD,1,0.0,0.62,3.72,False,0.0
2025-04-20,TOR,SEA,1,1.0,0.543,3.26,False,9.0
2025-04-21,ATL,STL,0,0.0,0.5944,2.43,False,4.0
2025-04-21,BOS,CHW,1,1.0,0.5911,3.55,False,5.0
2025-04-21,CLE,NYY,1,1.0,0.77,4.62,False,5.0
2025-04-21,DET,SDP,0,1.0,0.647,2.12,False,10.0
2025-04-21,HOU,TOR,1,0.0,0.5029,3.02,False,4.0
2025-04-21,MIA,CIN,0,0.0,0.61,2.34,False,3.0
2025-04-21,NYM,PHI,0,0.0,0.5999,2.4,False,2.0
2025-04-21,SFG,MIL,0,0.0,0.56,2.64,False,4.0
2025-04-22,,TBR,1,0.0,0.58,3.48,False,
2025-04-22,OAK,TEX,1,1.0,0.78,4.68,False,
2025-04-22,ATL,STL,0,1.0,0.5396,2.76,False,6.0
2025-04-22,BOS,SEA,1,1.0,0.6298,3.78,False,5.0
2025-04-22,CHC,LAD,1,1.0,0.57,3.42,False,11.0
2025-04-22,CLE,NYY,1,0.0,0.59,3.54,False,1.0
2025-04-22,DET,SDP,0,0.0,0.677,1.94,False,2.0
2025-04-22,HOU,TOR,0,0.0,0.5171,2.9,False,4.0
2025-04-22,KCR,COL,0,0.0,0.56,2.64,False,0.0
2025-04-22,LAA,PIT,1,1.0,0.53,3.18,False,9.0
2025-04-22,MIA,CIN,0,0.0,0.58,2.52,False,3.0
2025-04-22,MIN,CHW,0,0.0,0.51,2.94,False,3.0
2025-04-22,NYM,PHI,0,0.0,0.5799,2.52,False,3.0
2025-04-22,SFG,MIL,0,0.0,0.56,2.64,False,4.0
2025-04-22,WSN,BAL,1,1.0,0.5099,3.06,False,5.0
2025-04-23,,TBR,1,1.0,0.7,4.2,False,
2025-04-23,OAK,TEX,1,1.0,0.65,3.9,False,
2025-04-23,ATL,STL,1,0.0,0.5009,3.01,False,1.0
2025-04-23,BOS,SEA,1,1.0,0.5418,3.25,False,6.0
2025-04-23,CHC,LAD,1,1.0,0.5321,3.19,False,12.0
2025-04-23,CLE,NYY,1,1.0,0.73,4.38,False,5.0
2025-04-23,DET,SDP,0,0.0,0.667,2.0,False,2.0
2025-04-23,HOU,TOR,1,0.0,0.5029,3.02,False,4.0
2025-04-23,KCR,COL,0,0.0,0.55,2.7,False,0.0
2025-04-23,LAA,PIT,0,0.0,0.56,2.64,False,2.0
2025-04-23,MIA,CIN,1,1.0,0.58,3.48,False,5.0
2025-04-23,MIN,CHW,1,1.0,0.54,3.24,False,6.0
2025-04-23,NYM,PHI,0,0.0,0.5699,2.58,False,4.0
2025-04-23,SFG,MIL,0,0.0,0.53,2.82,False,0.0
2025-04-23,WSN,BAL,0,0.0,0.567,2.6,False,4.0
2025-04-24,,TBR,1,1.0,0.7,4.2,False,
2025-04-24,OAK,TEX,1,1.0,0.64,3.84,False,
2025-04-24,BOS,SEA,1,1.0,0.6218,3.73,False,6.0
2025-04-24,KCR,COL,0,1.0,0.51,2.94,False,10.0
2025-04-24,KCR,COL,0,1.0,0.51,2.94,False,5.0
2025-04-24,KCR,COL,0,1.0,0.52,2.88,False,10.0
2025-04-24,KCR,COL,0,1.0,0.52,2.88,False,5.0
2025-04-24,KCR,COL,0,1.0,0.52,2.88,False,10.0
2025-04-24,KCR,COL,0,1.0,0.52,2.88,False,5.0
2025-04-24,KCR,COL,0,1.0,0.54,2.76,False,10.0
2025-04-24,KCR,COL,0,1.0,0.54,2.76,False,5.0
2025-04-24,KCR,COL,0,1.0,0.51,2.94,False,10.0
2025-04-24,KCR,COL,0,1.0,0.51,2.94,False,5.0
2025-04-24,KCR,COL,0,1.0,0.52,2.88,False,10.0
2025-04-24,KCR,COL,0,1.0,0.52,2.88,False,5.0
2025-04-24,KCR,COL,0,1.0,0.52,2.88,False,10.0
2025-04-24,KCR,COL,0,1.0,0.52,2.88,False,5.0
2025-04-24,KCR,COL,0,1.0,0.54,2.76,False,10.0
2025-04-24,KCR,COL,0,1.0,0.54,2.76,False,5.0
2025-04-24,LAA,PIT,0,1.0,0.56,2.64,False,6.0
2025-04-24,MIN,CHW,1,0.0,0.51,3.06,False,2.0
2025-04-24,SFG,MIL,0,1.0,0.5,3.0,False,9.0
2025-04-24,WSN,BAL,0,0.0,0.647,2.12,False,3.0
2025-04-25,,ATL,1,0.0,0.68,4.08,False,
2025-04-25,OAK,CHW,1,0.0,0.51,3.06,False,
2025-04-25,CHC,PHI,0,0.0,0.6428,2.14,False,3.0
2025-04-25,CLE,BOS,1,0.0,0.603,3.62,False,0.0
2025-04-25,COL,CIN,1,1.0,0.59,3.54,False,12.0
2025-04-25,DET,BAL,0,0.0,0.62,2.28,False,0.0
2025-04-25,KCR,HOU,0,0.0,0.57,2.58,False,1.0
2025-04-25,LAD,PIT,0,0.0,0.53,2.82,False,3.0
2025-04-25,MIN,LAA,1,1.0,0.513,3.08,False,11.0
2025-04-25,NYY,TOR,0,0.0,0.5011,2.99,False,0.0
2025-04-25,SDP,TBR,0,0.0,0.6537,2.08,False,1.0
2025-04-25,SFG,TEX,0,0.0,0.66,2.04,False,1.0
2025-04-25,SEA,MIA,0,1.0,0.6361,2.18,False,7.0
2025-04-25,STL,MIL,0,0.0,0.53,2.82,False,3.0
2025-04-25,WSN,NYM,0,0.0,0.51,2.94,False,2.0
2025-04-26,,ATL,1,1.0,0.68,4.08,False,
2025-04-26,OAK,CHW,1,1.0,0.7,4.2,False,
2025-04-26,CHC,PHI,0,1.0,0.5428,2.74,False,8.0
2025-04-26,CLE,BOS,1,1.0,0.6169,3.7,False,8.0
2025-04-26,CLE,BOS,1,1.0,0.6169,3.7,False,9.0
2025-04-26,CLE,BOS,1,1.0,0.613,3.68,False,8.0
2025-04-26,CLE,BOS,1,1.0,0.613,3.68,False,9.0
2025-04-26,CLE,BOS,1,1.0,0.6169,3.7,False,8.0
2025-04-26,CLE,BOS,1,1.0,0.6169,3.7,False,9.0
2025-04-26,CLE,BOS,1,1.0,0.613,3.68,False,8.0
2025-04-26,CLE,BOS,1,1.0,0.613,3.68,False,9.0
2025-04-26,CLE,BOS,1,1.0,0.6169,3.7,False,8.0
2025-04-26,CLE,BOS,1,1.0,0.6169,3.7,False,9.0
2025-04-26,CLE,BOS,1,1.0,0.613,3.68,False,8.0
2025-04-26,CLE,BOS,1,1.0,0.613,3.68,False,9.0
2025-04-26,CLE,BOS,1,1.0,0.6169,3.7,False,8.0
2025-04-26,CLE,BOS,1,1.0,0.6169,3.7,False,9.0
2025-04-26,CLE,BOS,1,1.0,0.613,3.68,False,8.0
2025-04-26,CLE,BOS,1,1.0,0.613,3.68,False,9.0
2025-04-26,COL,CIN,1,1.0,0.6,3.6,False,6.0
2025-04-26,DET,BAL,0,0.0,0.61,2.34,False,4.0
2025-04-26,DET,BAL,0,0.0,0.61,2.34,False,4.0
2025-04-26,DET,BAL,0,0.0,0.61,2.34,False,4.0
2025-04-26,DET,BAL,0,0.0,0.61,2.34,False,4.0
2025-04-26,DET,BAL,0,0.0,0.61,2.34,False,4.0
2025-04-26,DET,BAL,0,0.0,0.61,2.34,False,4.0
2025-04-26,DET,BAL,0,0.0,0.61,2.34,False,4.0
2025-04-26,DET,BAL,0,0.0,0.61,2.34,False,4.0
2025-04-26,DET,BAL,0,0.0,0.61,2.34,False,4.0
2025-04-26,DET,BAL,0,0.0,0.61,2.34,False,4.0
2025-04-26,DET,BAL,0,0.0,0.61,2.34,False,4.0
2025-04-26,DET,BAL,0,0.0,0.61,2.34,False,4.0
2025-04-26,DET,BAL,0,0.0,0.61,2.34,False,4.0
2025-04-26,DET,BAL,0,0.0,0.61,2.34,False,4.0
2025-04-26,DET,BAL,0,0.0,0.61,2.34,False,4.0
2025-04-26,DET,BAL,0,0.0,0.61,2.34,False,4.0
2025-04-26,KCR,HOU,0,0.0,0.6,2.4,False,2.0
2025-04-26,LAD,PIT,1,1.0,0.54,3.24,False,6.0
2025-04-26,MIN,LAA,0,1.0,0.61,2.34,False,5.0
2025-04-26,NYY,TOR,0,0.0,0.5068,2.96,False,0.0
2025-04-26,SDP,TBR,0,0.0,0.6237,2.26,False,3.0
2025-04-26,SFG,TEX,0,0.0,0.61,2.34,False,4.0
2025-04-26,SEA,MIA,0,1.0,0.5944,2.43,False,10.0
2025-04-26,STL,MIL,1,1.0,0.56,3.36,False,7.0
2025-04-26,WSN,NYM,0,0.0,0.55,2.7,False,2.0
2025-04-27,,ATL,1,1.0,0.65,3.9,False,
2025-04-27,OAK,CHW,0,0.0,0.55,2.7,False,
2025-04-27,CHC,PHI,0,0.0,0.6277,2.23,False,2.0
2025-04-27,CLE,BOS,1,1.0,0.583,3.5,False,8.0
2025-04-27,COL,CIN,1,1.0,0.61,3.66,False,7.0
2025-04-27,DET,BAL,0,0.0,0.51,2.94,False,3.0
2025-04-27,KCR,HOU,0,1.0,0.62,2.28,False,5.0
2025-04-27,LAD,PIT,1,1.0,0.598,3.59,False,10.0
2025-04-27,MIN,LAA,0,0.0,0.64,2.16,False,1.0
2025-04-27,NYY,TOR,1,1.0,0.524,3.14,False,10.0
2025-04-27,NYY,TOR,1,1.0,0.524,3.14,False,2.0
2025-04-27,NYY,TOR,1,1.0,0.5362,3.22,False,10.0
2025-04-27,NYY,TOR,1,1.0,0.5362,3.22,False,2.0
2025-04-27,NYY,TOR,1,1.0,0.5583,3.35,False,10.0
2025-04-27,NYY,TOR,1,1.0,0.5583,3.35,False,2.0
2025-04-27,NYY,TOR,1,1.0,0.534,3.2,False,10.0
2025-04-27,NYY,TOR,1,1.0,0.534,3.2,False,2.0
2025-04-27,NYY,TOR,1,0.0,0.524,3.14,False,10.0
2025-04-27,NYY,TOR,1,0.0,0.524,3.14,False,2.0
2025-04-27,NYY,TOR,1,0.0,0.5362,3.22,False,10.0
2025-04-27,NYY,TOR,1,0.0,0.5362,3.22,False,2.0
2025-04-27,NYY,TOR,1,0.0,0.5583,3.35,False,10.0
2025-04-27,NYY,TOR,1,0.0,0.5583,3.35,False,2.0
2025-04-27,NYY,TOR,1,0.0,0.534,3.2,False,10.0
2025-04-27,NYY,TOR,1,0.0,0.534,3.2,False,2.0
2025-04-27,SDP,TBR,0,1.0,0.5637,2.62,False,5.0
2025-04-27,SFG,TEX,0,0.0,0.66,2.04,False,4.0
2025-04-27,SEA,MIA,0,1.0,0.6461,2.12,False,9.0
2025-04-27,STL,MIL,1,1.0,0.56,3.36,False,8.0
2025-04-27,WSN,NYM,1,1.0,0.52,3.12,False,8.0
2025-04-28,BAL,NYY,1,0.0,0.63,3.78,False,4.0
2025-04-28,CIN,STL,0,0.0,0.5458,2.73,False,3.0
2025-04-28,CLE,MIN,0,1.0,0.6501,2.1,False,7.0
2025-04-28,COL,ATL,1,1.0,0.5921,3.55,False,8.0
2025-04-28,HOU,DET,1,1.0,0.51,3.06,False,5.0
2025-04-28,LAD,MIA,1,1.0,0.53,3.18,False,5.0
2025-04-28,TEX,OAK,0,0.0,0.67,1.98,False,
2025-04-28,WSN,NYM,1,0.0,0.59,3.54,False,3.0
2025-04-29,BAL,NYY,1,1.0,0.73,4.38,False,12.0
2025-04-29,CHW,MIL,0,0.0,0.5844,2.49,False,3.0
2025-04-29,CIN,STL,1,0.0,0.5303,3.18,False,0.0
2025-04-29,CLE,MIN,0,0.0,0.677,1.94,False,2.0
2025-04-29,COL,ATL,1,1.0,0.5721,3.43,False,7.0
2025-04-29,HOU,DET,1,0.0,0.52,3.12,False,2.0
2025-04-29,LAD,MIA,1,1.0,0.54,3.24,False,8.0
2025-04-29,NYM,,0,1.0,0.65,2.1,False,
2025-04-29,PHI,WSN,0,0.0,0.5489,2.71,False,3.0
2025-04-29,PIT,CHC,1,0.0,0.6227,3.74,False,4.0
2025-04-29,SDP,SFG,0,1.0,0.58,2.52,False,6.0
2025-04-29,SEA,LAA,0,0.0,0.7434,1.54,False,3.0
2025-04-29,TBR,KCR,0,0.0,0.5398,2.76,False,3.0
2025-04-29,TEX,OAK,0,0.0,0.67,1.98,False,
2025-04-29,TOR,BOS,0,1.0,0.5931,2.44,False,9.0
2025-04-30,BAL,NYY,1,1.0,0.74,4.44,False,8.0
2025-04-30,CHW,MIL,0,1.0,0.5944,2.43,False,6.0
2025-04-30,CIN,STL,0,0.0,0.5401,2.76,False,1.0
2025-04-30,CIN,STL,0,0.0,0.5401,2.76,False,9.0
2025-04-30,CIN,STL,0,0.0,0.5949,2.43,False,1.0
2025-04-30,CIN,STL,0,0.0,0.5949,2.43,False,9.0
2025-04-30,CIN,STL,0,0.0,0.6264,2.24,False,1.0
2025-04-30,CIN,STL,0,0.0,0.6264,2.24,False,9.0
2025-04-30,CIN,STL,0,0.0,0.6559,2.06,False,1.0
2025-04-30,CIN,STL,0,0.0,0.6559,2.06,False,9.0
2025-04-30,CIN,STL,0,1.0,0.5401,2.76,False,1.0
2025-04-30,CIN,STL,0,1.0,0.5401,2.76,False,9.0
2025-04-30,CIN,STL,0,1.0,0.5949,2.43,False,1.0
2025-04-30,CIN,STL,0,1.0,0.5949,2.43,False,9.0
2025-04-30,CIN,STL,0,1.0,0.6264,2.24,False,1.0
2025-04-30,CIN,STL,0,1.0,0.6264,2.24,False,9.0
2025-04-30,CIN,STL,0,1.0,0.6559,2.06,False,1.0
2025-04-30,CIN,STL,0,1.0,0.6559,2.06,False,9.0
2025-04-30,CLE,MIN,0,0.0,0.677,1.94,False,0.0
2025-04-30,COL,ATL,1,0.0,0.5521,3.31,False,3.0
2025-04-30,HOU,DET,0,1.0,0.52,2.88,False,10.0
2025-04-30,LAD,MIA,0,1.0,0.53,2.82,False,6.0
2025-04-30,NYM,,0,0.0,0.78,1.32,False,
2025-04-30,PHI,WSN,1,1.0,0.5511,3.31,False,7.0
2025-04-30,PIT,CHC,1,1.0,0.6027,3.62,False,5.0
2025-04-30,SDP,SFG,0,0.0,0.55,2.7,False,4.0
2025-04-30,SEA,LAA,0,1.0,0.7234,1.66,False,6.0
2025-04-30,TBR,KCR,0,0.0,0.5598,2.64,False,3.0
2025-04-30,TEX,OAK,0,0.0,0.65,2.1,False,
2025-04-30,TOR,BOS,0,0.0,0.6831,1.9,False,4.0
2025-05-01,CHW,MIL,0,0.0,0.6244,2.25,False,1.0
2025-05-01,CIN,STL,0,1.0,0.6581,2.05,False,5.0
2025-05-01,CLE,MIN,0,0.0,0.6401,2.16,False,2.0
2025-05-01,LAA,DET,1,1.0,0.5093,3.06,False,6.0
2025-05-01,NYM,,0,0.0,0.78,1.32,False,
2025-05-01,PHI,WSN,1,0.0,0.5511,3.31,False,1.0
2025-05-01,PIT,CHC,1,1.0,0.59,3.54,False,5.0
2025-05-01,SFG,COL,0,0.0,0.56,2.64,False,2.0
2025-05-01,TBR,KCR,0,1.0,0.507,2.96,False,5.0
2025-05-01,TEX,OAK,0,0.0,0.57,2.58,False,
2025-05-01,TOR,BOS,0,0.0,0.6531,2.08,False,2.0
2025-05-02,ATL,LAD,1,0.0,0.64,3.84,False,1.0
2025-05-02,BAL,KCR,0,0.0,0.54,2.76,False,0.0
2025-05-02,BOS,MIN,1,0.0,0.5279,3.17,False,2.0
2025-05-02,CHW,HOU,0,1.0,0.7079,1.75,False,5.0
2025-05-02,CIN,WSN,1,1.0,0.5356,3.21,False,6.0
2025-05-02,LAA,DET,1,0.0,0.5172,3.1,False,1.0
2025-05-02,MIA,OAK,1,1.0,0.56,3.36,False,
2025-05-02,MIL,CHC,1,1.0,0.533,3.2,False,9.0
2025-05-02,NYY,TBR,1,0.0,0.59,3.54,False,3.0
2025-05-02,PHI,,0,0.0,0.58,2.52,False,
2025-05-02,PIT,SDP,0,1.0,0.6444,2.13,False,8.0
2025-05-02,SFG,COL,0,0.0,0.66,2.04,False,4.0
2025-05-02,STL,NYM,0,1.0,0.5844,2.49,False,9.0
2025-05-02,TEX,SEA,1,1.0,0.54,3.24,False,8.0
2025-05-02,TOR,CLE,1,1.0,0.56,3.36,False,5.0
2025-05-03,ATL,LAD,1,1.0,0.65,3.9,False,10.0
2025-05-03,BAL,KCR,0,0.0,0.57,2.58,False,2.0
2025-05-03,BOS,MIN,0,0.0,0.5132,2.92,False,2.0
2025-05-03,CHW,HOU,0,1.0,0.6679,1.99,False,6.0
2025-05-03,CIN,WSN,1,1.0,0.5356,3.21,False,6.0
2025-05-03,LAA,DET,0,0.0,0.5307,2.82,False,1.0
2025-05-03,MIA,OAK,0,1.0,0.68,1.92,False,
2025-05-03,MIL,CHC,0,1.0,0.51,2.94,False,8.0
2025-05-03,NYY,TBR,1,0.0,0.58,3.48,False,3.0
2025-05-03,PHI,,0,1.0,0.56,2.64,False,
2025-05-03,PIT,SDP,0,0.0,0.6644,2.01,False,1.0
2025-05-03,SFG,COL,0,0.0,0.56,2.64,False,1.0
2025-05-03,STL,NYM,0,0.0,0.5544,2.67,False,0.0
2025-05-03,TEX,SEA,1,0.0,0.54,3.24,False,2.0
2025-05-03,TOR,CLE,1,0.0,0.57,3.42,False,3.0
2025-05-04,ATL,LAD,1,1.0,0.64,3.84,False,5.0
2025-05-04,BAL,KCR,0,1.0,0.57,2.58,False,9.0
2025-05-04,BOS,MIN,0,0.0,0.5332,2.8,False,4.0
2025-05-04,CHW,HOU,0,1.0,0.7479,1.51,False,7.0
2025-05-04,CIN,WSN,1,0.0,0.5156,3.09,False,2.0
2025-05-04,LAA,DET,0,1.0,0.5707,2.58,False,5.0
2025-05-04,MIA,OAK,0,0.0,0.69,1.86,False,
2025-05-04,MIL,CHC,0,0.0,0.567,2.6,False,0.0
2025-05-04,NYY,TBR,1,1.0,0.57,3.42,False,5.0
2025-05-04,PHI,,0,1.0,0.73,1.62,False,
2025-05-04,PIT,SDP,0,0.0,0.6244,2.25,False,4.0
2025-05-04,SFG,COL,0,1.0,0.54,2.76,False,6.0
2025-05-04,STL,NYM,0,1.0,0.5644,2.61,False,8.0
2025-05-04,STL,NYM,0,1.0,0.5644,2.61,False,8.0
2025-05-04,STL,NYM,0,1.0,0.5644,2.61,False,8.0
2025-05-04,STL,NYM,0,1.0,0.5644,2.61,False,8.0
2025-05-04,STL,NYM,0,1.0,0.5844,2.49,False,8.0
2025-05-04,STL,NYM,0,1.0,0.5844,2.49,False,8.0
2025-05-04,STL,NYM,0,1.0,0.5944,2.43,False,8.0
2025-05-04,STL,NYM,0,1.0,0.5944,2.43,False,8.0
2025-05-04,STL,NYM,0,1.0,0.5644,2.61,False,8.0
2025-05-04,STL,NYM,0,1.0,0.5644,2.61,False,8.0
2025-05-04,STL,NYM,0,1.0,0.5644,2.61,False,8.0
2025-05-04,STL,NYM,0,1.0,0.5644,2.61,False,8.0
2025-05-04,STL,NYM,0,1.0,0.5844,2.49,False,8.0
2025-05-04,STL,NYM,0,1.0,0.5844,2.49,False,8.0
2025-05-04,STL,NYM,0,1.0,0.5944,2.43,False,8.0
2025-05-04,STL,NYM,0,1.0,0.5944,2.43,False,8.0
2025-05-04,TEX,SEA,1,1.0,0.56,3.36,False,7.0
2025-05-04,TOR,CLE,1,1.0,0.6156,3.69,False,7.0
2025-05-05,,NYM,0,0.0,0.61,2.34,False,
2025-05-05,OAK,SEA,1,1.0,0.59,3.54,False,
2025-05-05,ATL,CIN,0,0.0,0.5313,2.81,False,4.0
2025-05-05,CHC,SFG,0,1.0,0.53,2.82,False,6.0
2025-05-05,KCR,CHW,0,0.0,0.57,2.58,False,2.0
2025-05-05,MIA,LAD,1,1.0,0.61,3.66,False,5.0
2025-05-05,MIL,HOU,0,0.0,0.72,1.68,False,3.0
2025-05-05,NYY,SDP,0,0.0,0.5313,2.81,False,2.0
2025-05-05,STL,PIT,0,1.0,0.6161,2.3,False,5.0
2025-05-05,WSN,CLE,0,0.0,0.54,2.76,False,0.0
2025-05-06,,NYM,0,0.0,0.61,2.34,False,
2025-05-06,OAK,SEA,1,0.0,0.56,3.36,False,
2025-05-06,ATL,CIN,0,0.0,0.607,2.36,False,0.0
2025-05-06,BOS,TEX,0,1.0,0.61,2.34,False,6.0
2025-05-06,CHC,SFG,0,1.0,0.54,2.76,False,8.0
2025-05-06,COL,DET,1,0.0,0.6021,3.61,False,0.0
2025-05-06,KCR,CHW,0,0.0,0.55,2.7,False,1.0
2025-05-06,LAA,TOR,1,0.0,0.5659,3.4,False,4.0
2025-05-06,MIA,LAD,1,0.0,0.59,3.54,False,3.0
2025-05-06,MIL,HOU,0,0.0,0.73,1.62,False,4.0
2025-05-06,MIN,BAL,0,1.0,0.617,2.3,False,6.0
2025-05-06,NYY,SDP,0,0.0,0.5244,2.85,False,4.0
2025-05-06,STL,PIT,0,0.0,0.5661,2.6,False,0.0
2025-05-06,TBR,PHI,0,1.0,0.5045,2.97,False,5.0
2025-05-06,WSN,CLE,0,1.0,0.51,2.94,False,6.0
2025-05-06,WSN,CLE,0,1.0,0.51,2.94,False,0.0
2025-05-06,WSN,CLE,0,1.0,0.54,2.76,False,6.0
2025-05-06,WSN,CLE,0,1.0,0.54,2.76,False,0.0
2025-05-06,WSN,CLE,0,1.0,0.56,2.64,False,6.0
2025-05-06,WSN,CLE,0,1.0,0.56,2.64,False,0.0
2025-05-06,WSN,CLE,0,1.0,0.58,2.52,False,6.0
2025-05-06,WSN,CLE,0,1.0,0.58,2.52,False,0.0
2025-05-06,WSN,CLE,0,0.0,0.51,2.94,False,6.0
2025-05-06,WSN,CLE,0,0.0,0.51,2.94,False,0.0
2025-05-06,WSN,CLE,0,0.0,0.54,2.76,False,6.0
2025-05-06,WSN,CLE,0,0.0,0.54,2.76,False,0.0
2025-05-06,WSN,CLE,0,0.0,0.56,2.64,False,6.0
2025-05-06,WSN,CLE,0,0.0,0.56,2.64,False,0.0
2025-05-06,WSN,CLE,0,0.0,0.58,2.52,False,6.0
2025-05-06,WSN,CLE,0,0.0,0.58,2.52,False,0.0
2025-05-07,,NYM,0,0.0,0.61,2.34,False,
2025-05-07,OAK,SEA,0,1.0,0.5,3.0,False,
2025-05-07,ATL,CIN,0,1.0,0.5113,2.93,False,5.0
2025-05-07,BOS,TEX,1,1.0,0.6172,3.7,False,5.0
2025-05-07,CHC,SFG,1,0.0,0.5039,3.02,False,4.0
2025-05-07,COL,DET,1,1.0,0.5421,3.25,False,12.0
2025-05-07,KCR,CHW,0,0.0,0.54,2.76,False,2.0
2025-05-07,LAA,TOR,1,0.0,0.5639,3.38,False,0.0
2025-05-07,MIA,LAD,1,0.0,0.69,4.14,False,0.0
2025-05-07,MIL,HOU,0,0.0,0.75,1.5,False,4.0
2025-05-07,MIN,BAL,0,1.0,0.567,2.6,False,5.0
2025-05-07,NYY,SDP,0,0.0,0.5444,2.73,False,1.0
2025-05-07,STL,PIT,1,0.0,0.52,3.12,False,3.0
2025-05-07,TBR,PHI,0,1.0,0.5475,2.71,False,6.0
2025-05-07,WSN,CLE,0,0.0,0.57,2.58,False,3.0
2025-05-08,,LAD,0,1.0,0.6,2.4,False,
2025-05-08,ATL,CIN,0,0.0,0.5013,2.99,False,3.0
2025-05-08,BOS,TEX,1,0.0,0.5872,3.52,False,3.0
2025-05-08,COL,DET,1,1.0,0.5393,3.24,False,10.0
2025-05-08,COL,DET,1,1.0,0.5393,3.24,False,7.0
2025-05-08,COL,DET,1,1.0,0.5572,3.34,False,10.0
2025-05-08,COL,DET,1,1.0,0.5572,3.34,False,7.0
2025-05-08,COL,DET,1,1.0,0.5793,3.48,False,10.0
2025-05-08,COL,DET,1,1.0,0.5793,3.48,False,7.0
2025-05-08,COL,DET,1,1.0,0.5872,3.52,False,10.0
2025-05-08,COL,DET,1,1.0,0.5872,3.52,False,7.0
2025-05-08,COL,DET,1,1.0,0.5393,3.24,False,10.0
2025-05-08,COL,DET,1,1.0,0.5393,3.24,False,7.0
2025-05-08,COL,DET,1,1.0,0.5572,3.34,False,10.0
2025-05-08,COL,DET,1,1.0,0.5572,3.34,False,7.0
2025-05-08,COL,DET,1,1.0,0.5793,3.48,False,10.0
2025-05-08,COL,DET,1,1.0,0.5793,3.48,False,7.0
2025-05-08,COL,DET,1,1.0,0.5872,3.52,False,10.0
2025-05-08,COL,DET,1,1.0,0.5872,3.52,False,7.0
2025-05-08,KCR,CHW,0,0.0,0.56,2.64,False,4.0
2025-05-08,LAA,TOR,1,1.0,0.5959,3.58,False,7.0
2025-05-08,MIN,BAL,0,0.0,0.627,2.24,False,3.0
2025-05-08,TBR,PHI,0,0.0,0.5644,2.61,False,3.0
2025-05-09,,LAD,0,1.0,0.61,2.34,False,
2025-05-09,OAK,NYY,0,0.0,0.52,2.88,False,
2025-05-09,CHW,MIA,0,0.0,0.5744,2.55,False,3.0
2025-05-09,CLE,PHI,1,0.0,0.5068,3.04,False,4.0
2025-05-09,COL,SDP,0,1.0,0.59,2.46,False,11.0
2025-05-09,DET,TEX,0,0.0,0.65,2.1,False,2.0
2025-05-09,HOU,CIN,1,0.0,0.54,3.24,False,3.0
2025-05-09,KCR,BOS,1,0.0,0.5063,3.04,False,0.0
2025-05-09,LAA,BAL,0,0.0,0.69,1.86,False,3.0
2025-05-09,MIN,SFG,1,0.0,0.5287,3.17,False,3.0
2025-05-09,NYM,CHC,0,1.0,0.5369,2.78,False,7.0
2025-05-09,PIT,ATL,0,0.0,0.5223,2.87,False,1.0
2025-05-09,SEA,TOR,0,1.0,0.6444,2.13,False,6.0
2025-05-09,TBR,MIL,1,0.0,0.53,3.18,False,4.0
2025-05-09,WSN,STL,1,1.0,0.623,3.74,False,6.0
2025-05-10,,LAD,0,0.0,0.65,2.1,False,
2025-05-10,OAK,NYY,0,1.0,0.52,2.88,False,
2025-05-10,CHW,MIA,1,0.0,0.5356,3.21,False,1.0
2025-05-10,CLE,PHI,0,0.0,0.5232,2.86,False,1.0
2025-05-10,COL,SDP,0,1.0,0.59,2.46,False,19.0
2025-05-10,DET,TEX,0,1.0,0.69,1.86,False,9.0
2025-05-10,HOU,CIN,1,1.0,0.55,3.3,False,20.0
2025-05-10,KCR,BOS,1,1.0,0.5263,3.16,False,5.0
2025-05-10,LAA,BAL,0,1.0,0.58,2.52,False,5.0
2025-05-10,MIN,SFG,1,0.0,0.5687,3.41,False,3.0
2025-05-10,NYM,CHC,0,1.0,0.5069,2.96,False,7.0
2025-05-10,PIT,ATL,1,0.0,0.5321,3.19,False,3.0
2025-05-10,SEA,TOR,0,1.0,0.637,2.18,False,5.0
2025-05-10,TBR,MIL,0,0.0,0.54,2.76,False,4.0
2025-05-10,WSN,STL,1,0.0,0.563,3.38,False,4.0
2025-05-11,,LAD,0,0.0,0.61,2.34,False,
2025-05-11,OAK,NYY,1,1.0,0.51,3.06,False,
2025-05-11,CHW,MIA,1,0.0,0.55,3.3,False,2.0
2025-05-11,CLE,PHI,0,0.0,0.5232,2.86,False,1.0
2025-05-11,COL,SDP,0,1.0,0.59,2.46,False,7.0
2025-05-11,DET,TEX,0,1.0,0.6121,2.33,False,5.0
2025-05-11,HOU,CIN,0,0.0,0.5532,2.68,False,4.0
2025-05-11,KCR,BOS,0,0.0,0.54,2.76,False,2.0
2025-05-11,LAA,BAL,0,1.0,0.66,2.04,False,5.0
2025-05-11,MIN,SFG,0,1.0,0.5313,2.81,False,7.0
2025-05-11,NYM,CHC,0,0.0,0.5474,2.72,False,1.0
2025-05-11,PIT,ATL,1,0.0,0.5221,3.13,False,3.0
2025-05-11,SEA,TOR,0,1.0,0.557,2.66,False,6.0
2025-05-11,TBR,MIL,0,1.0,0.5528,2.68,False,5.0
2025-05-11,WSN,STL,0,0.0,0.507,2.96,False,3.0
2025-05-12,ATL,WSN,0,0.0,0.5144,2.91,False,4.0
2025-05-12,CHC,MIA,1,1.0,0.5236,3.14,False,5.0
2025-05-12,CLE,MIL,1,0.0,0.52,3.12,False,3.0
2025-05-12,DET,BOS,1,1.0,0.5762,3.46,False,12.0
2025-05-12,HOU,KCR,0,1.0,0.5244,2.85,False,7.0
2025-05-12,NYM,PIT,1,0.0,0.5239,3.14,False,2.0
2025-05-12,PHI,STL,0,0.0,0.58,2.52,False,2.0
2025-05-12,SDP,LAA,0,1.0,0.63,2.22,False,6.0
2025-05-12,SFG,,0,0.0,0.57,2.58,False,
2025-05-12,SEA,NYY,1,1.0,0.75,4.5,False,9.0
2025-05-12,TEX,COL,0,0.0,0.56,2.64,False,1.0
2025-05-13,ATL,WSN,0,1.0,0.5144,2.91,False,5.0
2025-05-13,BAL,MIN,0,0.0,0.5911,2.45,False,0.0
2025-05-13,CHC,MIA,1,0.0,0.539,3.23,False,4.0
2025-05-13,CIN,CHW,1,0.0,0.56,3.36,False,1.0
2025-05-13,CLE,MIL,0,0.0,0.5244,2.85,False,1.0
2025-05-13,DET,BOS,1,1.0,0.504,3.02,False,7.0
2025-05-13,HOU,KCR,0,0.0,0.5528,2.68,False,1.0
2025-05-13,LAD,OAK,0,1.0,0.65,2.1,False,
2025-05-13,NYM,PIT,1,0.0,0.5039,3.02,False,1.0
2025-05-13,PHI,STL,1,0.0,0.5408,3.24,False,0.0
2025-05-13,SDP,LAA,0,0.0,0.64,2.16,False,3.0
2025-05-13,SFG,,1,1.0,0.55,3.3,False,
2025-05-13,SEA,NYY,1,0.0,0.67,4.02,False,1.0
2025-05-13,TEX,COL,0,0.0,0.56,2.64,False,4.0
2025-05-13,TOR,TBR,1,1.0,0.5117,3.07,False,7.0
2025-05-14,ATL,WSN,1,1.0,0.5056,3.03,False,5.0
2025-05-14,BAL,MIN,0,1.0,0.7079,1.75,False,7.0
2025-05-14,BAL,MIN,0,1.0,0.7079,1.75,False,11.0
2025-05-14,BAL,MIN,0,1.0,0.7079,1.75,False,7.0
2025-05-14,BAL,MIN,0,1.0,0.7079,1.75,False,11.0
2025-05-14,BAL,MIN,0,1.0,0.6979,1.81,False,7.0
2025-05-14,BAL,MIN,0,1.0,0.6979,1.81,False,11.0
2025-05-14,BAL,MIN,0,1.0,0.7079,1.75,False,7.0
2025-05-14,BAL,MIN,0,1.0,0.7079,1.75,False,11.0
2025-05-14,BAL,MIN,0,1.0,0.7079,1.75,False,7.0
2025-05-14,BAL,MIN,0,1.0,0.7079,1.75,False,11.0
2025-05-14,BAL,MIN,0,1.0,0.7079,1.75,False,7.0
2025-05-14,BAL,MIN,0,1.0,0.7079,1.75,False,11.0
2025-05-14,BAL,MIN,0,1.0,0.6979,1.81,False,7.0
2025-05-14,BAL,MIN,0,1.0,0.6979,1.81,False,11.0
2025-05-14,BAL,MIN,0,1.0,0.7079,1.75,False,7.0
2025-05-14,BAL,MIN,0,1.0,0.7079,1.75,False,11.0
2025-05-14,CHC,MIA,1,0.0,0.549,3.29,False,4.0
2025-05-14,CIN,CHW,1,0.0,0.55,3.3,False,2.0
2025-05-14,CLE,MIL,1,0.0,0.52,3.12,False,4.0
2025-05-14,DET,BOS,0,0.0,0.5138,2.92,False,4.0
2025-05-14,HOU,KCR,0,0.0,0.5728,2.56,False,4.0
2025-05-14,LAD,OAK,0,1.0,0.68,1.92,False,
2025-05-14,NYM,PIT,1,0.0,0.54,3.24,False,4.0
2025-05-14,PHI,STL,0,0.0,0.502,2.99,False,0.0
2025-05-14,PHI,STL,0,0.0,0.502,2.99,False,16.0
2025-05-14,PHI,STL,0,0.0,0.502,2.99,False,0.0
2025-05-14,PHI,STL,0,0.0,0.502,2.99,False,16.0
2025-05-14,PHI,STL,0,0.0,0.5707,2.58,False,0.0
2025-05-14,PHI,STL,0,0.0,0.5707,2.58,False,16.0
2025-05-14,PHI,STL,0,0.0,0.5707,2.58,False,0.0
2025-05-14,PHI,STL,0,0.0,0.5707,2.58,False,16.0
2025-05-14,PHI,STL,0,1.0,0.502,2.99,False,0.0
2025-05-14,PHI,STL,0,1.0,0.502,2.99,False,16.0
2025-05-14,PHI,STL,0,1.0,0.502,2.99,False,0.0
2025-05-14,PHI,STL,0,1.0,0.502,2.99,False,16.0
2025-05-14,PHI,STL,0,1.0,0.5707,2.58,False,0.0
2025-05-14,PHI,STL,0,1.0,0.5707,2.58,False,16.0
2025-05-14,PHI,STL,0,1.0,0.5707,2.58,False,0.0
2025-05-14,PHI,STL,0,1.0,0.5707,2.58,False,16.0
2025-05-14,SDP,LAA,0,0.0,0.66,2.04,False,4.0
2025-05-14,SFG,,0,1.0,0.61,2.34,False,
2025-05-14,SEA,NYY,1,0.0,0.67,4.02,False,2.0
2025-05-14,TEX,COL,0,1.0,0.5,3.0,False,7.0
2025-05-14,TOR,TBR,1,0.0,0.5417,3.25,False,1.0
2025-05-15,ATL,WSN,0,0.0,0.5087,2.95,False,4.0
2025-05-15,BAL,MIN,0,0.0,0.5911,2.45,False,3.0
2025-05-15,CIN,CHW,1,1.0,0.52,3.12,False,6.0
2025-05-15,LAD,OAK,0,1.0,0.66,2.04,False,
2025-05-15,TEX,HOU,0,0.0,0.6707,1.98,False,0.0
2025-05-15,TOR,TBR,1,1.0,0.5787,3.47,False,7.0
2025-05-16,,COL,1,1.0,0.73,4.38,False,
2025-05-16,BAL,WSN,0,0.0,0.51,2.94,False,3.0
2025-05-16,BOS,ATL,1,0.0,0.5453,3.27,False,2.0
2025-05-16,CHC,CHW,1,1.0,0.6172,3.7,False,9.0
2025-05-16,CIN,CLE,0,1.0,0.6204,2.28,False,8.0
2025-05-16,KCR,STL,0,1.0,0.5549,2.67,False,5.0
2025-05-16,LAD,LAA,0,1.0,0.54,2.76,False,5.0
2025-05-16,MIA,TBR,1,1.0,0.5268,3.16,False,9.0
2025-05-16,MIL,MIN,0,0.0,0.67,1.98,False,3.0
2025-05-16,NYY,NYM,0,1.0,0.6196,2.28,False,7.0
2025-05-16,PHI,PIT,0,0.0,0.55,2.7,False,1.0
2025-05-16,SDP,SEA,0,0.0,0.6237,2.26,False,3.0
2025-05-16,SFG,OAK,0,0.0,0.81,1.14,False,
2025-05-16,TEX,HOU,0,0.0,0.6807,1.92,False,2.0
2025-05-16,TOR,DET,0,0.0,0.544,2.74,False,4.0
2025-05-17,,COL,1,1.0,0.72,4.32,False,
2025-05-17,BAL,WSN,0,1.0,0.5128,2.92,False,7.0
2025-05-17,BOS,ATL,1,1.0,0.5547,3.33,False,8.0
2025-05-17,CHC,CHW,1,1.0,0.5472,3.28,False,9.0
2025-05-17,CIN,CLE,0,0.0,0.6904,1.86,False,2.0
2025-05-17,KCR,STL,0,0.0,0.5249,2.85,False,0.0
2025-05-17,LAD,LAA,0,1.0,0.54,2.76,False,9.0
2025-05-17,MIA,TBR,1,0.0,0.5368,3.22,False,4.0
2025-05-17,MIL,MIN,0,1.0,0.66,2.04,False,5.0
2025-05-17,NYY,NYM,0,0.0,0.6596,2.04,False,3.0
2025-05-17,PHI,PIT,0,1.0,0.55,2.7,False,5.0
2025-05-17,SDP,SEA,0,0.0,0.64,2.16,False,2.0
2025-05-17,SFG,OAK,0,0.0,0.83,1.02,False,
2025-05-17,TEX,HOU,0,0.0,0.6779,1.93,False,2.0
2025-05-17,TOR,DET,1,0.0,0.516,3.1,False,1.0
2025-05-18,,COL,1,0.0,0.64,3.84,False,
2025-05-18,BAL,WSN,0,1.0,0.62,2.28,False,9.0
2025-05-18,BOS,ATL,1,1.0,0.5555,3.33,False,11.0
2025-05-18,CHC,CHW,0,0.0,0.53,2.82,False,2.0
2025-05-18,CIN,CLE,0,0.0,0.6961,1.82,False,2.0
2025-05-18,KCR,STL,0,0.0,0.57,2.58,False,2.0
2025-05-18,LAD,LAA,0,1.0,0.5681,2.59,False,5.0
2025-05-18,MIA,TBR,1,0.0,0.5068,3.04,False,4.0
2025-05-18,MIL,MIN,0,1.0,0.64,2.16,False,5.0
2025-05-18,NYY,NYM,0,0.0,0.6696,1.98,False,4.0
2025-05-18,PHI,PIT,0,0.0,0.51,2.94,False,1.0
2025-05-18,SDP,SEA,0,0.0,0.63,2.22,False,4.0
2025-05-18,SFG,OAK,0,0.0,0.83,1.02,False,
2025-05-18,TEX,HOU,0,0.0,0.5479,2.71,False,3.0
2025-05-18,TOR,DET,1,0.0,0.516,3.1,False,4.0
2025-05-19,OAK,LAA,1,1.0,0.57,3.42,False,
2025-05-19,BOS,NYM,1,0.0,0.5297,3.18,False,4.0
2025-05-19,CHW,SEA,0,0.0,0.5323,2.81,False,1.0
2025-05-19,COL,PHI,1,0.0,0.5321,3.19,False,3.0
2025-05-19,LAD,,0,1.0,0.6144,2.31,False,
2025-05-19,MIA,CHC,1,1.0,0.51,3.06,False,9.0
2025-05-19,MIL,BAL,0,1.0,0.66,2.04,False,5.0
2025-05-19,MIN,CLE,0,0.0,0.6144,2.31,False,3.0
2025-05-19,PIT,CIN,1,0.0,0.5721,3.43,False,2.0
2025-05-19,SFG,KCR,0,0.0,0.66,2.04,False,0.0
2025-05-19,STL,DET,1,1.0,0.533,3.2,False,5.0
2025-05-19,TBR,HOU,0,1.0,0.5871,2.48,False,5.0
2025-05-20,OAK,LAA,1,1.0,0.55,3.3,False,
2025-05-20,BOS,NYM,1,0.0,0.5397,3.24,False,2.0
2025-05-20,CHW,SEA,1,0.0,0.5177,3.11,False,1.0
2025-05-20,COL,PHI,1,1.0,0.5821,3.49,False,5.0
2025-05-20,LAD,,0,0.0,0.6144,2.31,False,
2025-05-20,MIA,CHC,1,0.0,0.5093,3.06,False,2.0
2025-05-20,MIL,BAL,0,0.0,0.69,1.86,False,3.0
2025-05-20,MIN,CLE,0,0.0,0.6144,2.31,False,0.0
2025-05-20,NYY,TEX,1,0.0,0.5856,3.51,False,2.0
2025-05-20,PIT,CIN,1,0.0,0.5621,3.37,False,0.0
2025-05-20,SFG,KCR,0,0.0,0.62,2.28,False,4.0
2025-05-20,STL,DET,1,1.0,0.553,3.32,False,6.0
2025-05-20,TBR,HOU,0,0.0,0.5871,2.48,False,2.0
2025-05-20,TOR,SDP,0,0.0,0.5587,2.65,False,3.0
2025-05-20,WSN,ATL,0,1.0,0.517,2.9,False,7.0
2025-05-21,OAK,LAA,1,1.0,0.53,3.18,False,
2025-05-21,BOS,NYM,1,0.0,0.5997,3.6,False,2.0
2025-05-21,CHW,SEA,0,1.0,0.506,2.96,False,7.0
2025-05-21,COL,PHI,1,1.0,0.6121,3.67,False,10.0
2025-05-21,LAD,,0,0.0,0.6144,2.31,False,
2025-05-21,MIA,CHC,0,0.0,0.5107,2.94,False,2.0
2025-05-21,MIL,BAL,0,0.0,0.77,1.38,False,2.0
2025-05-21,MIN,CLE,0,1.0,0.5144,2.91,False,6.0
2025-05-21,MIN,CLE,0,1.0,0.5144,2.91,False,1.0
2025-05-21,MIN,CLE,0,1.0,0.5244,2.85,False,6.0
2025-05-21,MIN,CLE,0,1.0,0.5244,2.85,False,1.0
2025-05-21,MIN,CLE,0,1.0,0.5044,2.97,False,6.0
2025-05-21,MIN,CLE,0,1.0,0.5044,2.97,False,1.0
2025-05-21,MIN,CLE,0,1.0,0.5144,2.91,False,6.0
2025-05-21,MIN,CLE,0,1.0,0.5144,2.91,False,1.0
2025-05-21,MIN,CLE,0,0.0,0.5144,2.91,False,6.0
2025-05-21,MIN,CLE,0,0.0,0.5144,2.91,False,1.0
2025-05-21,MIN,CLE,0,0.0,0.5244,2.85,False,6.0
2025-05-21,MIN,CLE,0,0.0,0.5244,2.85,False,1.0
2025-05-21,MIN,CLE,0,0.0,0.5044,2.97,False,6.0
2025-05-21,MIN,CLE,0,0.0,0.5044,2.97,False,1.0
2025-05-21,MIN,CLE,0,0.0,0.5144,2.91,False,6.0
2025-05-21,MIN,CLE,0,0.0,0.5144,2.91,False,1.0
2025-05-21,NYY,TEX,1,0.0,0.6729,4.04,False,2.0
2025-05-21,PIT,CIN,1,0.0,0.5721,3.43,False,3.0
2025-05-21,SFG,KCR,0,1.0,0.54,2.76,False,10.0
2025-05-21,STL,DET,0,0.0,0.53,2.82,False,2.0
2025-05-21,TBR,HOU,0,1.0,0.5644,2.61,False,7.0
2025-05-21,TOR,SDP,0,0.0,0.5387,2.77,False,2.0
2025-05-21,WSN,ATL,0,0.0,0.537,2.78,False,0.0
2025-05-22,OAK,LAA,1,1.0,0.57,3.42,False,
2025-05-22,BOS,BAL,1,0.0,0.6044,3.63,False,0.0
2025-05-22,COL,PHI,1,0.0,0.69,4.14,False,1.0
2025-05-22,DET,CLE,1,0.0,0.51,3.06,False,3.0
2025-05-22,HOU,SEA,1,1.0,0.57,3.42,False,8.0
2025-05-22,NYY,TEX,1,0.0,0.5472,3.28,False,1.0
2025-05-22,PIT,MIL,0,1.0,0.52,2.88,False,6.0
2025-05-22,TOR,SDP,0,1.0,0.5544,2.67,False,6.0
2025-05-22,WSN,ATL,0,1.0,0.527,2.84,False,12.0
2025-05-23,OAK,PHI,1,0.0,0.54,3.24,False,
2025-05-23,ATL,SDP,0,0.0,0.5904,2.46,False,2.0
2025-05-23,BOS,BAL,1,0.0,0.5744,3.45,False,3.0
2025-05-23,BOS,BAL,1,0.0,0.5744,3.45,False,0.0
2025-05-23,BOS,BAL,1,0.0,0.5744,3.45,False,3.0
2025-05-23,BOS,BAL,1,0.0,0.5744,3.45,False,0.0
2025-05-23,BOS,BAL,1,0.0,0.6044,3.63,False,3.0
2025-05-23,BOS,BAL,1,0.0,0.6044,3.63,False,0.0
2025-05-23,BOS,BAL,1,0.0,0.6044,3.63,False,3.0
2025-05-23,BOS,BAL,1,0.0,0.6044,3.63,False,0.0
2025-05-23,BOS,BAL,1,0.0,0.5744,3.45,False,3.0
2025-05-23,BOS,BAL,1,0.0,0.5744,3.45,False,0.0
2025-05-23,BOS,BAL,1,0.0,0.5744,3.45,False,3.0
2025-05-23,BOS,BAL,1,0.0,0.5744,3.45,False,0.0
2025-05-23,BOS,BAL,1,0.0,0.6044,3.63,False,3.0
2025-05-23,BOS,BAL,1,0.0,0.6044,3.63,False,0.0
2025-05-23,BOS,BAL,1,0.0,0.6044,3.63,False,3.0
2025-05-23,BOS,BAL,1,0.0,0.6044,3.63,False,0.0
2025-05-23,CHW,TEX,0,0.0,0.51,2.94,False,3.0
2025-05-23,CIN,CHC,0,1.0,0.5305,2.82,False,8.0
2025-05-23,COL,NYY,1,1.0,0.5956,3.57,False,5.0
2025-05-23,DET,CLE,0,0.0,0.53,2.82,False,2.0
2025-05-23,HOU,SEA,0,1.0,0.52,2.88,False,5.0
2025-05-23,LAA,MIA,0,0.0,0.6,2.4,False,3.0
2025-05-23,MIN,KCR,0,0.0,0.5331,2.8,False,2.0
2025-05-23,NYM,LAD,1,1.0,0.5334,3.2,False,7.0
2025-05-23,PIT,MIL,0,0.0,0.56,2.64,False,2.0
2025-05-23,STL,,0,0.0,0.58,2.52,False,
2025-05-23,TBR,TOR,0,0.0,0.5904,2.46,False,3.0
2025-05-23,WSN,SFG,0,0.0,0.647,2.12,False,0.0
2025-05-24,OAK,PHI,1,1.0,0.54,3.24,False,
2025-05-24,ATL,SDP,0,0.0,0.5904,2.46,False,4.0
2025-05-24,BOS,BAL,1,1.0,0.6044,3.63,False,8.0
2025-05-24,BOS,BAL,1,1.0,0.6044,3.63,False,0.0
2025-05-24,BOS,BAL,1,1.0,0.5272,3.16,False,8.0
2025-05-24,BOS,BAL,1,1.0,0.5272,3.16,False,0.0
2025-05-24,BOS,BAL,1,1.0,0.6044,3.63,False,8.0
2025-05-24,BOS,BAL,1,1.0,0.6044,3.63,False,0.0
2025-05-24,BOS,BAL,1,1.0,0.5272,3.16,False,8.0
2025-05-24,BOS,BAL,1,1.0,0.5272,3.16,False,0.0
2025-05-24,BOS,BAL,1,0.0,0.6044,3.63,False,8.0
2025-05-24,BOS,BAL,1,0.0,0.6044,3.63,False,0.0
2025-05-24,BOS,BAL,1,0.0,0.5272,3.16,False,8.0
2025-05-24,BOS,BAL,1,0.0,0.5272,3.16,False,0.0
2025-05-24,BOS,BAL,1,0.0,0.6044,3.63,False,8.0
2025-05-24,BOS,BAL,1,0.0,0.6044,3.63,False,0.0
2025-05-24,BOS,BAL,1,0.0,0.5272,3.16,False,8.0
2025-05-24,BOS,BAL,1,0.0,0.5272,3.16,False,0.0
2025-05-24,CHW,TEX,0,1.0,0.52,2.88,False,6.0
2025-05-24,CIN,CHC,0,1.0,0.5405,2.76,False,7.0
2025-05-24,COL,NYY,1,1.0,0.56,3.36,False,12.0
2025-05-24,DET,CLE,0,1.0,0.53,2.82,False,5.0
2025-05-24,HOU,SEA,0,0.0,0.5337,2.8,False,3.0
2025-05-24,LAA,MIA,0,0.0,0.63,2.22,False,4.0
2025-05-24,MIN,KCR,0,1.0,0.6131,2.32,False,7.0
2025-05-24,NYM,LAD,1,1.0,0.5263,3.16,False,6.0
2025-05-24,PIT,MIL,0,0.0,0.57,2.58,False,2.0
2025-05-24,STL,,1,0.0,0.54,3.24,False,
2025-05-24,TBR,TOR,0,0.0,0.5267,2.84,False,3.0
2025-05-24,WSN,SFG,0,0.0,0.68,1.92,False,2.0
2025-05-25,OAK,PHI,0,1.0,0.56,2.64,False,
2025-05-25,ATL,SDP,0,0.0,0.5904,2.46,False,4.0
2025-05-25,BOS,BAL,1,0.0,0.5372,3.22,False,2.0
2025-05-25,CHW,TEX,0,0.0,0.58,2.52,False,3.0
2025-05-25,CIN,CHC,0,1.0,0.5505,2.7,False,11.0
2025-05-25,COL,NYY,1,1.0,0.7546,4.53,False,6.0
2025-05-25,DET,CLE,0,1.0,0.57,2.58,False,5.0
2025-05-25,HOU,SEA,0,1.0,0.5237,2.86,False,5.0
2025-05-25,LAA,MIA,0,0.0,0.61,2.34,False,3.0
2025-05-25,MIN,KCR,0,0.0,0.577,2.54,False,1.0
2025-05-25,NYM,LAD,1,0.0,0.5363,3.22,False,1.0
2025-05-25,PIT,MIL,0,0.0,0.57,2.58,False,4.0
2025-05-25,STL,,0,0.0,0.56,2.64,False,
2025-05-25,TBR,TOR,0,1.0,0.5224,2.87,False,9.0
2025-05-25,WSN,SFG,0,0.0,0.61,2.34,False,4.0
2025-05-26,,PIT,1,1.0,0.66,3.96,False,
2025-05-26,BAL,STL,1,1.0,0.5277,3.17,False,7.0
2025-05-26,CHC,COL,0,0.0,0.5728,2.56,False,3.0
2025-05-26,CLE,LAD,1,1.0,0.6,3.6,False,5.0
2025-05-26,DET,SFG,0,0.0,0.62,2.28,False,3.0
2025-05-26,KCR,CIN,0,1.0,0.5,3.0,False,6.0
2025-05-26,LAA,NYY,1,1.0,0.56,3.36,False,5.0
2025-05-26,MIL,BOS,1,0.0,0.5403,3.24,False,2.0
2025-05-26,NYM,CHW,0,0.0,0.5528,2.68,False,1.0
2025-05-26,SDP,MIA,0,1.0,0.51,2.94,False,5.0
2025-05-26,TBR,MIN,0,0.0,0.6621,2.03,False,0.0
2025-05-26,TEX,TOR,1,0.0,0.5712,3.43,False,3.0
2025-05-27,,PIT,1,1.0,0.66,3.96,False,
2025-05-27,BAL,STL,0,1.0,0.5523,2.69,False,7.0
2025-05-27,CHC,COL,0,0.0,0.5428,2.74,False,3.0
2025-05-27,CLE,LAD,1,1.0,0.63,3.78,False,7.0
2025-05-27,DET,SFG,0,0.0,0.61,2.34,False,3.0
2025-05-27,HOU,OAK,0,1.0,0.72,1.68,False,
2025-05-27,KCR,CIN,0,0.0,0.57,2.58,False,4.0
2025-05-27,LAA,NYY,1,0.0,0.62,3.72,False,1.0
2025-05-27,MIL,BOS,1,0.0,0.5763,3.46,False,0.0
2025-05-27,NYM,CHW,0,1.0,0.5728,2.56,False,7.0
2025-05-27,PHI,ATL,1,0.0,0.5255,3.15,False,1.0
2025-05-27,SDP,MIA,0,1.0,0.51,2.94,False,13.0
2025-05-27,SEA,WSN,0,1.0,0.5732,2.56,False,5.0
2025-05-27,TBR,MIN,0,0.0,0.5861,2.48,False,3.0
2025-05-27,TEX,TOR,1,0.0,0.5984,3.59,False,0.0
2025-05-28,,PIT,1,0.0,0.66,3.96,False,
2025-05-28,BAL,STL,0,1.0,0.5323,2.81,False,9.0
2025-05-28,CHC,COL,0,0.0,0.5328,2.8,False,2.0
2025-05-28,CLE,LAD,1,0.0,0.63,3.78,False,3.0
2025-05-28,DET,SFG,0,1.0,0.62,2.28,False,7.0
2025-05-28,HOU,OAK,0,1.0,0.72,1.68,False,
2025-05-28,KCR,CIN,0,0.0,0.57,2.58,False,2.0
2025-05-28,LAA,NYY,1,0.0,0.63,3.78,False,1.0
2025-05-28,MIL,BOS,1,1.0,0.5563,3.34,False,5.0
2025-05-28,NYM,CHW,1,1.0,0.5072,3.04,False,8.0
2025-05-28,PHI,ATL,1,0.0,0.5387,3.23,False,0.0
2025-05-28,SDP,MIA,0,1.0,0.53,2.82,False,12.0
2025-05-28,SEA,WSN,0,1.0,0.59,2.46,False,6.0
2025-05-28,TBR,MIN,0,0.0,0.64,2.16,False,4.0
2025-05-28,TEX,TOR,1,0.0,0.6084,3.65,False,0.0
2025-05-29,HOU,TBR,0,1.0,0.517,2.9,False,5.0
2025-05-29,PHI,ATL,0,0.0,0.5015,2.99,False,3.0
2025-05-29,PHI,ATL,0,0.0,0.5015,2.99,False,4.0
2025-05-29,PHI,ATL,0,0.0,0.5015,2.99,False,3.0
2025-05-29,PHI,ATL,0,0.0,0.5015,2.99,False,4.0
2025-05-29,PHI,ATL,0,0.0,0.5015,2.99,False,3.0
2025-05-29,PHI,ATL,0,0.0,0.5015,2.99,False,4.0
2025-05-29,PHI,ATL,0,0.0,0.5015,2.99,False,3.0
2025-05-29,PHI,ATL,0,0.0,0.5015,2.99,False,4.0
2025-05-29,PHI,ATL,0,0.0,0.5015,2.99,False,3.0
2025-05-29,PHI,ATL,0,0.0,0.5015,2.99,False,4.0
2025-05-29,PHI,ATL,0,0.0,0.5015,2.99,False,3.0
2025-05-29,PHI,ATL,0,0.0,0.5015,2.99,False,4.0
2025-05-29,PHI,ATL,0,0.0,0.5015,2.99,False,3.0
2025-05-29,PHI,ATL,0,0.0,0.5015,2.99,False,4.0
2025-05-29,PHI,ATL,0,0.0,0.5015,2.99,False,3.0
2025-05-29,PHI,ATL,0,0.0,0.5015,2.99,False,4.0
2025-05-29,SEA,WSN,0,0.0,0.61,2.34,False,0.0
2025-05-29,TOR,OAK,0,1.0,0.58,2.52,False,
2025-05-30,,WSN,0,1.0,0.58,2.52,False,
2025-05-30,ATL,BOS,1,0.0,0.5903,3.54,False,3.0
2025-05-30,BAL,CHW,0,0.0,0.6,2.4,False,0.0
2025-05-30,CHC,CIN,1,0.0,0.5634,3.38,False,4.0
2025-05-30,CLE,LAA,0,0.0,0.55,2.7,False,1.0
2025-05-30,HOU,TBR,1,0.0,0.503,3.02,False,1.0
2025-05-30,KCR,DET,0,1.0,0.5132,2.92,False,8.0
2025-05-30,LAD,NYY,1,1.0,0.62,3.72,False,7.0
2025-05-30,MIA,SFG,0,0.0,0.67,1.98,False,2.0
2025-05-30,NYM,COL,0,0.0,0.5128,2.92,False,3.0
2025-05-30,PHI,MIL,0,1.0,0.5571,2.66,False,6.0
2025-05-30,SDP,PIT,0,0.0,0.6,2.4,False,1.0
2025-05-30,SEA,MIN,0,1.0,0.5667,2.6,False,6.0
2025-05-30,TEX,STL,1,1.0,0.5721,3.43,False,5.0
2025-05-30,TOR,OAK,0,1.0,0.61,2.34,False,
2025-05-31,,WSN,0,1.0,0.57,2.58,False,
2025-05-31,ATL,BOS,1,1.0,0.5803,3.48,False,5.0
2025-05-31,BAL,CHW,0,1.0,0.58,2.52,False,5.0
2025-05-31,CHC,CIN,1,0.0,0.5134,3.08,False,0.0
2025-05-31,CLE,LAA,0,1.0,0.57,2.58,False,8.0
2025-05-31,HOU,TBR,1,1.0,0.5099,3.06,False,7.0
2025-05-31,KCR,DET,0,0.0,0.55,2.7,False,0.0
2025-05-31,LAD,NYY,1,1.0,0.6,3.6,False,15.0
2025-05-31,MIA,SFG,0,0.0,0.61,2.34,False,1.0
2025-05-31,NYM,COL,0,1.0,0.5528,2.68,False,8.0
2025-05-31,PHI,MIL,0,1.0,0.5199,2.88,False,13.0
2025-05-31,SDP,PIT,0,0.0,0.56,2.64,False,3.0
2025-05-31,SEA,MIN,0,1.0,0.5567,2.66,False,5.0
2025-05-31,TEX,STL,1,0.0,0.5721,3.43,False,2.0
2025-05-31,TOR,OAK,0,1.0,0.77,1.38,False,
2025-06-01,,WSN,0,0.0,0.65,2.1,False,
2025-06-01,ATL,BOS,1,0.0,0.6642,3.99,False,4.0
2025-06-01,BAL,CHW,0,0.0,0.56,2.64,False,2.0
2025-06-01,CHC,CIN,1,1.0,0.5934,3.56,False,5.0
2025-06-01,CLE,LAA,0,0.0,0.59,2.46,False,4.0
2025-06-01,HOU,TBR,1,0.0,0.5099,3.06,False,1.0
2025-06-01,KCR,DET,0,0.0,0.51,2.94,False,1.0
2025-06-01,LAD,NYY,1,1.0,0.52,3.12,False,7.0
2025-06-01,MIA,SFG,0,0.0,0.67,1.98,False,4.0
2025-06-01,NYM,COL,0,1.0,0.51,2.94,False,7.0
2025-06-01,PHI,MIL,0,0.0,0.62,2.28,False,3.0
2025-06-01,SDP,PIT,0,1.0,0.56,2.64,False,5.0
2025-06-01,SEA,MIN,0,0.0,0.5967,2.42,False,0.0
2025-06-01,TEX,STL,1,0.0,0.5621,3.37,False,3.0
2025-06-01,TOR,OAK,0,1.0,0.74,1.56,False,
2025-06-02,OAK,MIN,1,1.0,0.58,3.48,False,
2025-06-02,BOS,LAA,1,1.0,0.5406,3.24,False,11.0
2025-06-02,CHW,DET,0,1.0,0.5079,2.95,False,8.0
2025-06-02,CIN,MIL,0,1.0,0.56,2.64,False,5.0
2025-06-02,LAD,NYM,0,0.0,0.6887,1.87,False,2.0
2025-06-02,MIA,COL,0,1.0,0.56,2.64,False,9.0
2025-06-02,SFG,SDP,0,0.0,0.6244,2.25,False,0.0
2025-06-03,OAK,MIN,0,0.0,0.53,2.82,False,
2025-06-03,ATL,,1,1.0,0.58,3.48,False,
2025-06-03,BOS,LAA,1,0.0,0.5406,3.24,False,4.0
2025-06-03,CHW,DET,1,0.0,0.56,3.36,False,1.0
2025-06-03,CIN,MIL,0,0.0,0.55,2.7,False,4.0
2025-06-03,LAD,NYM,0,1.0,0.5987,2.41,False,9.0
2025-06-03,MIA,COL,0,0.0,0.6,2.4,False,4.0
2025-06-03,NYY,CLE,1,0.0,0.5539,3.32,False,1.0
2025-06-03,PIT,HOU,0,0.0,0.6979,1.81,False,0.0
2025-06-03,SFG,SDP,0,0.0,0.6144,2.31,False,2.0
2025-06-03,SEA,BAL,0,0.0,0.5701,2.58,False,3.0
2025-06-03,STL,KCR,1,1.0,0.57,3.42,False,15.0
2025-06-03,TBR,TEX,0,0.0,0.57,2.58,False,1.0
2025-06-03,TOR,PHI,0,1.0,0.5498,2.7,False,8.0
2025-06-03,WSN,CHC,1,1.0,0.5418,3.25,False,10.0
2025-06-04,OAK,MIN,0,0.0,0.54,2.76,False,
2025-06-04,ATL,,1,0.0,0.6,3.6,False,
2025-06-04,BOS,LAA,1,1.0,0.5727,3.44,False,15.0
2025-06-04,CHW,DET,1,1.0,0.5321,3.19,False,8.0
2025-06-04,CIN,MIL,0,0.0,0.55,2.7,False,4.0
2025-06-04,LAD,NYM,0,0.0,0.6487,2.11,False,3.0
2025-06-04,MIA,COL,0,0.0,0.57,2.58,False,2.0
2025-06-04,NYY,CLE,1,0.0,0.5611,3.37,False,3.0
2025-06-04,PIT,HOU,0,0.0,0.7179,1.69,False,3.0
2025-06-04,SFG,SDP,0,1.0,0.6044,2.37,False,6.0
2025-06-04,SEA,BAL,0,0.0,0.5932,2.44,False,1.0
2025-06-04,STL,KCR,0,0.0,0.5928,2.44,False,0.0
2025-06-04,TBR,TEX,0,1.0,0.54,2.76,False,8.0
2025-06-04,TOR,PHI,0,0.0,0.5493,2.7,False,1.0
2025-06-04,WSN,CHC,1,0.0,0.5818,3.49,False,0.0
2025-06-05,OAK,MIN,0,1.0,0.53,2.82,False,
2025-06-05,ATL,,1,1.0,0.6,3.6,False,
2025-06-05,CHW,DET,0,0.0,0.53,2.82,False,2.0
2025-06-05,LAD,NYM,0,1.0,0.6387,2.17,False,7.0
2025-06-05,NYY,CLE,1,0.0,0.6211,3.73,False,2.0
2025-06-05,PIT,HOU,0,1.0,0.6579,2.05,False,6.0
2025-06-05,SFG,SDP,0,1.0,0.5944,2.43,False,5.0
2025-06-05,SEA,BAL,0,0.0,0.55,2.7,False,4.0
2025-06-05,STL,KCR,0,0.0,0.5828,2.5,False,3.0
2025-06-05,STL,KCR,0,0.0,0.5828,2.5,False,12.0
2025-06-05,STL,KCR,0,0.0,0.5928,2.44,False,3.0
2025-06-05,STL,KCR,0,0.0,0.5928,2.44,False,12.0
2025-06-05,STL,KCR,0,0.0,0.5328,2.8,False,3.0
2025-06-05,STL,KCR,0,0.0,0.5328,2.8,False,12.0
2025-06-05,STL,KCR,0,0.0,0.5428,2.74,False,3.0
2025-06-05,STL,KCR,0,0.0,0.5428,2.74,False,12.0
2025-06-05,STL,KCR,0,1.0,0.5828,2.5,False,3.0
2025-06-05,STL,KCR,0,1.0,0.5828,2.5,False,12.0
2025-06-05,STL,KCR,0,1.0,0.5928,2.44,False,3.0
2025-06-05,STL,KCR,0,1.0,0.5928,2.44,False,12.0
2025-06-05,STL,KCR,0,1.0,0.5328,2.8,False,3.0
2025-06-05,STL,KCR,0,1.0,0.5328,2.8,False,12.0
2025-06-05,STL,KCR,0,1.0,0.5428,2.74,False,3.0
2025-06-05,STL,KCR,0,1.0,0.5428,2.74,False,12.0
2025-06-05,TBR,TEX,0,0.0,0.58,2.52,False,3.0
2025-06-05,TOR,PHI,0,1.0,0.5432,2.74,False,8.0
2025-06-05,WSN,CHC,1,0.0,0.5418,3.25,False,3.0
2025-06-06,OAK,BAL,1,,0.55,3.3,True,
2025-06-06,CHW,KCR,0,,0.57,2.58,True,0.0
2025-06-06,CIN,,1,,0.55,3.3,True,
2025-06-06,CLE,HOU,0,,0.67,1.98,True,0.0
2025-06-06,COL,NYM,1,,0.58,3.48,True,0.0
2025-06-06,DET,CHC,0,,0.6067,2.36,True,0.0
2025-06-06,LAA,SEA,0,,0.6116,2.33,True,0.0
2025-06-06,MIL,SDP,0,,0.7861,1.28,True,0.0
2025-06-06,MIN,TOR,0,,0.62,2.28,True,0.0
2025-06-06,NYY,BOS,1,,0.5819,3.49,True,0.0
2025-06-06,PIT,PHI,0,,0.606,2.36,True,0.0
2025-06-06,SFG,ATL,0,,0.5879,2.47,True,0.0
2025-06-06,STL,LAD,1,,0.56,3.36,True,0.0
2025-06-06,TBR,MIA,0,,0.5498,2.7,True,0.0
2025-06-06,WSN,TEX,0,,0.53,2.82,True,0.0
2025-06-07,OAK,BAL,1,1.0,0.58,3.48,False,
2025-06-07,CHW,KCR,0,0.0,0.56,2.64,False,4.0
2025-06-07,CIN,,1,1.0,0.55,3.3,False,
2025-06-07,CIN,,1,1.0,0.61,3.66,False,
2025-06-07,CIN,,1,1.0,0.55,3.3,False,
2025-06-07,CIN,,1,1.0,0.61,3.66,False,
2025-06-07,CLE,HOU,0,0.0,0.69,1.86,False,1.0
2025-06-07,COL,NYM,1,0.0,0.57,3.42,False,4.0
2025-06-07,DET,CHC,0,0.0,0.5967,2.42,False,4.0
2025-06-07,LAA,SEA,0,1.0,0.6116,2.33,False,10.0
2025-06-07,MIL,SDP,0,0.0,0.7661,1.4,False,1.0
2025-06-07,MIN,TOR,0,0.0,0.56,2.64,False,4.0
2025-06-07,NYY,BOS,1,1.0,0.5958,3.57,False,13.0
2025-06-07,PIT,PHI,0,0.0,0.546,2.72,False,2.0
2025-06-07,SFG,ATL,0,0.0,0.6023,2.39,False,2.0
2025-06-07,STL,LAD,1,0.0,0.57,3.42,False,0.0
2025-06-07,TBR,MIA,1,1.0,0.55,3.3,False,16.0
2025-06-07,WSN,TEX,0,0.0,0.53,2.82,False,2.0
2025-06-08,OAK,BAL,1,1.0,0.56,3.36,False,
2025-06-08,CHW,KCR,0,0.0,0.58,2.52,False,4.0
2025-06-08,CIN,,1,0.0,0.53,3.18,False,
2025-06-08,CLE,HOU,0,0.0,0.68,1.92,False,2.0
2025-06-08,COL,NYM,1,1.0,0.5221,3.13,False,10.0
2025-06-08,DET,CHC,0,0.0,0.5867,2.48,False,4.0
2025-06-08,LAA,SEA,0,1.0,0.6116,2.33,False,5.0
2025-06-08,MIL,SDP,0,0.0,0.7844,1.29,False,0.0
2025-06-08,MIN,TOR,0,1.0,0.5271,2.84,False,9.0
2025-06-08,NYY,BOS,1,1.0,0.5839,3.5,False,5.0
2025-06-08,PIT,PHI,0,0.0,0.526,2.84,False,2.0
2025-06-08,SFG,ATL,0,1.0,0.6023,2.39,False,7.0
2025-06-08,STL,LAD,1,1.0,0.56,3.36,False,5.0
2025-06-08,TBR,MIA,0,0.0,0.5398,2.76,False,4.0
2025-06-08,WSN,TEX,1,1.0,0.56,3.36,False,5.0
2025-06-09,,SEA,1,0.0,0.72,4.32,False,
2025-06-09,BOS,TBR,1,0.0,0.573,3.44,False,4.0
2025-06-09,CLE,CIN,0,1.0,0.5432,2.74,False,7.0
2025-06-09,LAA,OAK,0,0.0,0.63,2.22,False,
2025-06-09,MIL,ATL,0,0.0,0.5944,2.43,False,4.0
2025-06-09,PHI,CHC,0,0.0,0.5348,2.79,False,3.0
2025-06-09,PIT,MIA,0,1.0,0.6344,2.19,False,6.0
2025-06-09,SDP,LAD,1,1.0,0.5656,3.39,False,5.0
2025-06-09,STL,TOR,0,0.0,0.5576,2.65,False,2.0
2025-06-10,,SEA,1,,0.72,4.32,True,
2025-06-10,BAL,DET,0,,0.5779,2.53,True,
2025-06-10,BOS,TBR,1,,0.5703,3.42,True,
2025-06-10,CLE,CIN,1,,0.51,3.06,True,
2025-06-10,COL,SFG,1,,0.51,3.06,True,
2025-06-10,HOU,CHW,0,,0.54,2.76,True,
2025-06-10,KCR,NYY,1,,0.51,3.06,True,
2025-06-10,LAA,OAK,0,,0.65,2.1,True,
2025-06-10,MIL,ATL,0,,0.5444,2.73,True,
2025-06-10,MIN,TEX,0,,0.55,2.7,True,
2025-06-10,NYM,WSN,0,,0.6169,2.3,True,
2025-06-10,PHI,CHC,1,,0.5025,3.01,True,
2025-06-10,PIT,MIA,0,,0.66,2.04,True,
2025-06-10,SDP,LAD,1,,0.54,3.24,True,
2025-06-10,STL,TOR,0,,0.5476,2.71,True,
2025-06-11,,SEA,1,,0.75,4.5,True,
2025-06-11,BAL,DET,1,,0.5184,3.11,True,
2025-06-11,BOS,TBR,1,,0.5636,3.38,True,
2025-06-11,CLE,CIN,0,,0.5132,2.92,True,
2025-06-11,COL,SFG,1,,0.53,3.18,True,
2025-06-11,HOU,CHW,0,,0.55,2.7,True,
2025-06-11,KCR,NYY,1,,0.61,3.66,True,
2025-06-11,LAA,OAK,0,,0.65,2.1,True,
2025-06-11,MIL,ATL,0,,0.54,2.76,True,
2025-06-11,MIN,TEX,0,,0.51,2.94,True,
2025-06-11,NYM,WSN,0,,0.6369,2.18,True,
2025-06-11,PHI,CHC,0,,0.5635,2.62,True,
2025-06-11,PIT,MIA,0,,0.6444,2.13,True,
2025-06-11,SDP,LAD,1,,0.5656,3.39,True,
2025-06-11,STL,TOR,0,,0.5376,2.77,True,
