Game_Date,Home_Team,Away_Team,Predicted_Over_4_5,Actual_Over_4_5,Runs_1_5,Confidence,Model_Total,is_pending
2025-03-27,,CHC,0,1,10.0,0.57,2.58,False
2025-03-27,CHW,LAA,0,0,3.0,0.55,2.7,False
2025-03-27,CIN,SFG,0,1,5.0,0.55,2.7,False
2025-03-27,HOU,NYM,1,0,3.0,0.5163,3.1,False
2025-03-27,KCR,CLE,1,1,5.0,0.53,3.18,False
2025-03-27,LAD,DET,1,1,6.0,0.61,3.66,False
2025-03-27,MIA,PIT,0,0,3.0,0.63,2.22,False
2025-03-27,NYY,MIL,0,0,3.0,0.526,2.84,False
2025-03-27,SDP,ATL,1,1,7.0,0.55,3.3,False
2025-03-27,SEA,OAK,1,0,1.0,0.52,3.12,False
2025-03-27,STL,MIN,1,1,6.0,0.54,3.24,False
2025-03-27,TEX,BOS,1,0,4.0,0.6563,3.94,False
2025-03-27,TOR,BAL,1,1,8.0,0.5172,3.1,False
2025-03-27,WSN,PHI,0,0,1.0,0.5541,2.68,False
2025-03-28,,CHC,1,1,7.0,0.79,4.74,False
2025-03-28,HOU,NYM,0,0,4.0,0.5737,2.56,False
2025-03-28,LAD,DET,0,0,2.0,0.5151,2.91,False
2025-03-28,MIA,PIT,0,1,5.0,0.57,2.58,False
2025-03-28,SDP,ATL,0,1,6.0,0.58,2.52,False
2025-03-28,SEA,OAK,0,0,2.0,0.53,2.82,False
2025-03-28,TBR,COL,0,0,2.0,0.61,2.34,False
2025-03-28,TEX,BOS,0,0,3.0,0.52,2.88,False
2025-03-28,TOR,BAL,0,1,7.0,0.557,2.66,False
2025-03-29,,CHC,0,0,4.0,0.78,1.32,False
2025-03-29,CHW,LAA,0,0,0.0,0.61,2.34,False
2025-03-29,CIN,SFG,0,0,4.0,0.7044,1.77,False
2025-03-29,HOU,NYM,0,0,1.0,0.5137,2.92,False
2025-03-29,KCR,CLE,0,0,4.0,0.67,1.98,False
2025-03-29,LAD,DET,1,1,6.0,0.6349,3.81,False
2025-03-29,MIA,PIT,0,0,2.0,0.64,2.16,False
2025-03-29,NYY,MIL,0,1,22.0,0.536,2.78,False
2025-03-29,SDP,ATL,0,0,0.0,0.56,2.64,False
2025-03-29,SEA,OAK,0,0,3.0,0.56,2.64,False
2025-03-29,STL,MIN,0,0,2.0,0.5889,2.47,False
2025-03-29,TBR,COL,0,0,1.0,0.687,1.88,False
2025-03-29,TEX,BOS,1,1,6.0,0.5263,3.16,False
2025-03-29,TOR,BAL,0,1,13.0,0.567,2.6,False
2025-03-29,WSN,PHI,0,0,4.0,0.5041,2.98,False
2025-03-30,,CHC,0,0,1.0,0.77,1.38,False
2025-03-30,CHW,LAA,0,0,4.0,0.53,2.82,False
2025-03-30,CIN,SFG,0,0,1.0,0.6944,1.83,False
2025-03-30,KCR,CLE,0,0,3.0,0.59,2.46,False
2025-03-30,MIA,PIT,0,0,3.0,0.6261,2.24,False
2025-03-30,NYY,MIL,1,1,8.0,0.56,3.36,False
2025-03-30,SDP,ATL,0,0,2.0,0.5428,2.74,False
2025-03-30,SEA,OAK,0,0,1.0,0.6,2.4,False
2025-03-30,STL,MIN,0,1,10.0,0.55,2.7,False
2025-03-30,TBR,COL,0,0,3.0,0.65,2.1,False
2025-03-30,TEX,BOS,0,0,1.0,0.5537,2.68,False
2025-03-30,TOR,BAL,0,0,3.0,0.577,2.54,False
2025-03-30,WSN,PHI,0,0,3.0,0.5241,2.86,False
2025-03-31,OAK,CHC,1,1,13.0,0.74,4.44,False
2025-03-31,BAL,BOS,1,1,7.0,0.5806,3.48,False
2025-03-31,CHW,MIN,0,1,9.0,0.62,2.28,False
2025-03-31,CIN,TEX,1,1,6.0,0.503,3.02,False
2025-03-31,HOU,SFG,0,0,2.0,0.59,2.46,False
2025-03-31,LAD,ATL,1,1,5.0,0.6339,3.8,False
2025-03-31,MIA,NYM,0,1,9.0,0.528,2.83,False
2025-03-31,MIL,KCR,0,0,4.0,0.8561,0.86,False
2025-03-31,PHI,COL,0,0,0.0,0.5828,2.5,False
2025-03-31,SDP,CLE,1,1,9.0,0.5825,3.49,False
2025-03-31,SEA,DET,1,1,12.0,0.547,3.28,False
2025-03-31,STL,LAA,0,0,4.0,0.63,2.22,False
2025-03-31,TBR,PIT,0,0,4.0,0.6,2.4,False
2025-03-31,TOR,WSN,0,0,4.0,0.5398,2.76,False
2025-04-01,OAK,CHC,1,1,10.0,0.76,4.56,False
2025-04-01,CHW,MIN,0,0,3.0,0.6961,1.82,False
2025-04-01,CIN,TEX,0,0,1.0,0.607,2.36,False
2025-04-01,HOU,SFG,0,0,4.0,0.54,2.76,False
2025-04-01,LAD,ATL,1,0,1.0,0.62,3.72,False
2025-04-01,MIA,NYM,1,1,6.0,0.5068,3.04,False
2025-04-01,MIL,KCR,0,0,2.0,0.75,1.5,False
2025-04-01,NYY,,1,1,6.0,0.5996,3.6,False
2025-04-01,SDP,CLE,0,0,3.0,0.5828,2.5,False
2025-04-01,SEA,DET,0,0,3.0,0.54,2.76,False
2025-04-01,STL,LAA,0,1,5.0,0.53,2.82,False
2025-04-01,TBR,PIT,0,1,6.0,0.59,2.46,False
2025-04-01,TOR,WSN,1,0,3.0,0.5156,3.09,False
2025-04-02,OAK,CHC,1,1,10.0,0.72,4.32,False
2025-04-02,BAL,BOS,1,0,3.0,0.5263,3.16,False
2025-04-02,CHW,MIN,0,1,6.0,0.6161,2.3,False
2025-04-02,CIN,TEX,0,0,1.0,0.56,2.64,False
2025-04-02,HOU,SFG,1,1,8.0,0.51,3.06,False
2025-04-02,LAD,ATL,1,1,8.0,0.65,3.9,False
2025-04-02,MIA,NYM,1,0,3.0,0.5099,3.06,False
2025-04-02,MIL,KCR,0,0,2.0,0.77,1.38,False
2025-04-02,NYY,,1,0,4.0,0.5996,3.6,False
2025-04-02,PHI,COL,0,0,2.0,0.5828,2.5,False
2025-04-02,SDP,CLE,0,0,4.0,0.6228,2.26,False
2025-04-02,SEA,DET,1,1,5.0,0.54,3.24,False
2025-04-02,STL,LAA,0,0,2.0,0.59,2.46,False
2025-04-02,TBR,PIT,0,0,2.0,0.59,2.46,False
2025-04-02,TOR,WSN,1,0,3.0,0.5356,3.21,False
2025-04-03,BAL,BOS,1,1,8.0,0.5407,3.24,False
2025-04-03,MIL,CIN,0,0,1.0,0.6444,2.13,False
2025-04-03,MIN,HOU,0,1,6.0,0.5904,2.46,False
2025-04-03,NYY,,1,1,12.0,0.5996,3.6,False
2025-04-03,PHI,COL,0,0,1.0,0.5828,2.5,False
2025-04-04,ATL,MIA,0,0,3.0,0.5244,2.85,False
2025-04-04,BOS,STL,0,1,13.0,0.5073,2.96,False
2025-04-04,CHC,SDP,0,0,4.0,0.65,2.1,False
2025-04-04,COL,OAK,0,0,4.0,0.53,2.82,False
2025-04-04,DET,CHW,0,1,7.0,0.5461,2.72,False
2025-04-04,KCR,BAL,0,1,5.0,0.54,2.76,False
2025-04-04,LAA,CLE,0,1,8.0,0.52,2.88,False
2025-04-04,MIL,CIN,0,0,3.0,0.6444,2.13,False
2025-04-04,NYM,TOR,0,0,2.0,0.5757,2.55,False
2025-04-04,PHI,LAD,0,0,1.0,0.53,2.82,False
2025-04-04,PIT,NYY,1,1,8.0,0.8,4.8,False
2025-04-04,SFG,SEA,0,1,11.0,0.6016,2.39,False
2025-04-04,TEX,TBR,0,0,4.0,0.55,2.7,False
2025-04-04,WSN,,1,1,7.0,0.68,4.08,False
2025-04-05,ATL,MIA,0,0,3.0,0.5044,2.97,False
2025-04-05,BOS,STL,0,0,0.0,0.5126,2.92,False
2025-04-05,CHC,SDP,0,0,4.0,0.6836,1.9,False
2025-04-05,COL,OAK,0,0,4.0,0.66,2.04,False
2025-04-05,DET,CHW,0,1,9.0,0.5661,2.6,False
2025-04-05,KCR,BAL,0,0,2.0,0.6,2.4,False
2025-04-05,LAA,CLE,0,1,13.0,0.54,2.76,False
2025-04-05,MIL,CIN,0,1,12.0,0.5444,2.73,False
2025-04-05,MIN,HOU,0,1,7.0,0.58,2.52,False
2025-04-05,NYM,TOR,0,0,1.0,0.5888,2.47,False
2025-04-05,PHI,LAD,0,0,3.0,0.58,2.52,False
2025-04-05,PIT,NYY,1,1,12.0,0.82,4.92,False
2025-04-05,SFG,SEA,0,0,3.0,0.6979,1.81,False
2025-04-05,TEX,TBR,0,1,5.0,0.57,2.58,False
2025-04-05,WSN,,0,0,4.0,0.51,2.94,False
2025-04-06,ATL,MIA,0,0,0.0,0.5644,2.61,False
2025-04-06,BOS,STL,0,0,3.0,0.635,2.19,False
2025-04-06,BOS,STL,0,0,3.0,0.635,2.19,False
2025-04-06,BOS,STL,0,0,3.0,0.635,2.19,False
2025-04-06,BOS,STL,0,0,3.0,0.635,2.19,False
2025-04-06,BOS,STL,0,1,13.0,0.635,2.19,False
2025-04-06,BOS,STL,0,1,13.0,0.635,2.19,False
2025-04-06,BOS,STL,0,1,13.0,0.635,2.19,False
2025-04-06,BOS,STL,0,1,13.0,0.635,2.19,False
2025-04-06,CHC,SDP,0,1,13.0,0.5836,2.5,False
2025-04-06,COL,OAK,1,1,11.0,0.58,3.48,False
2025-04-06,DET,CHW,0,0,4.0,0.6561,2.06,False
2025-04-06,KCR,BAL,0,0,4.0,0.53,2.82,False
2025-04-06,LAA,CLE,0,0,4.0,0.68,1.92,False
2025-04-06,MIL,CIN,0,1,8.0,0.5744,2.55,False
2025-04-06,MIN,HOU,0,1,11.0,0.5148,2.91,False
2025-04-06,NYM,TOR,0,0,3.0,0.5814,2.51,False
2025-04-06,PHI,LAD,1,1,10.0,0.5572,3.34,False
2025-04-06,PIT,NYY,1,1,5.0,0.82,4.92,False
2025-04-06,SFG,SEA,0,1,6.0,0.6579,2.05,False
2025-04-06,TEX,TBR,0,0,2.0,0.54,2.76,False
2025-04-06,WSN,,1,1,7.0,0.69,4.14,False
2025-04-07,,BAL,1,1,6.0,0.74,4.44,False
2025-04-07,OAK,SDP,0,1,7.0,0.66,2.04,False
2025-04-07,BOS,TOR,0,0,4.0,0.6283,2.23,False
2025-04-07,CHC,TEX,0,0,3.0,0.61,2.34,False
2025-04-07,DET,NYY,1,1,6.0,0.67,4.02,False
2025-04-07,KCR,MIN,0,0,4.0,0.66,2.04,False
2025-04-07,NYM,MIA,0,0,1.0,0.6226,2.26,False
2025-04-07,PIT,STL,1,1,5.0,0.5877,3.53,False
2025-04-07,SFG,CIN,0,0,0.0,0.704,1.78,False
2025-04-07,SEA,HOU,0,0,2.0,0.6307,2.22,False
2025-04-07,WSN,LAD,1,1,5.0,0.67,4.02,False
2025-04-08,,BAL,1,1,6.0,0.72,4.32,False
2025-04-08,OAK,SDP,0,1,13.0,0.68,1.92,False
2025-04-08,ATL,PHI,0,1,8.0,0.5119,2.93,False
2025-04-08,BOS,TOR,0,0,0.0,0.5962,2.42,False
2025-04-08,CHC,TEX,1,1,9.0,0.58,3.48,False
2025-04-08,CLE,CHW,1,0,0.0,0.503,3.02,False
2025-04-08,COL,MIL,1,1,5.0,0.53,3.18,False
2025-04-08,DET,NYY,1,1,5.0,0.66,3.96,False
2025-04-08,KCR,MIN,0,0,2.0,0.64,2.16,False
2025-04-08,NYM,MIA,0,1,8.0,0.5826,2.5,False
2025-04-08,PIT,STL,0,0,4.0,0.5767,2.54,False
2025-04-08,SFG,CIN,0,0,1.0,0.684,1.9,False
2025-04-08,SEA,HOU,0,0,0.0,0.6007,2.4,False
2025-04-08,TBR,LAA,0,0,2.0,0.507,2.96,False
2025-04-08,WSN,LAD,1,1,9.0,0.63,3.78,False
2025-04-09,,BAL,1,1,7.0,0.73,4.38,False
2025-04-09,OAK,SDP,0,0,3.0,0.76,1.44,False
2025-04-09,ATL,PHI,0,0,0.0,0.5718,2.57,False
2025-04-09,BOS,TOR,0,0,2.0,0.5868,2.48,False
2025-04-09,CHC,TEX,1,1,6.0,0.57,3.42,False
2025-04-09,CLE,CHW,0,0,4.0,0.537,2.78,False
2025-04-09,COL,MIL,1,1,12.0,0.52,3.12,False
2025-04-09,DET,NYY,0,0,0.0,0.5,3.0,False
2025-04-09,KCR,MIN,0,0,1.0,0.66,2.04,False
2025-04-09,NYM,MIA,0,0,2.0,0.6526,2.08,False
2025-04-09,PIT,STL,0,0,0.0,0.5223,2.87,False
2025-04-09,SFG,CIN,1,1,6.0,0.5277,3.17,False
2025-04-09,SEA,HOU,0,0,4.0,0.6207,2.28,False
2025-04-09,TBR,LAA,1,1,7.0,0.563,3.38,False
2025-04-09,WSN,LAD,1,1,9.0,0.5796,3.48,False
2025-04-10,ATL,PHI,0,0,2.0,0.5718,2.57,False
2025-04-10,BOS,TOR,0,0,0.0,0.5474,2.72,False
2025-04-10,CLE,CHW,1,1,6.0,0.53,3.18,False
2025-04-10,COL,MIL,0,0,2.0,0.51,2.94,False
2025-04-10,KCR,MIN,0,0,2.0,0.65,2.1,False
2025-04-10,TBR,LAA,1,1,11.0,0.553,3.32,False
2025-04-11,,MIL,0,0,3.0,0.84,0.96,False
2025-04-11,OAK,NYM,0,0,4.0,0.66,2.04,False
2025-04-11,BAL,TOR,1,0,0.0,0.5862,3.52,False
2025-04-11,CHW,BOS,1,1,7.0,0.6521,3.91,False
2025-04-11,CIN,PIT,0,1,8.0,0.51,2.94,False
2025-04-11,CLE,KCR,0,0,3.0,0.6813,1.91,False
2025-04-11,HOU,LAA,1,1,9.0,0.55,3.3,False
2025-04-11,LAD,CHC,0,0,0.0,0.7242,1.65,False
2025-04-11,MIA,WSN,0,0,4.0,0.56,2.64,False
2025-04-11,MIN,DET,1,1,5.0,0.5672,3.4,False
2025-04-11,NYY,SFG,0,1,9.0,0.53,2.82,False
2025-04-11,SDP,COL,0,1,6.0,0.62,2.28,False
2025-04-11,SEA,TEX,0,0,4.0,0.5444,2.73,False
2025-04-11,STL,PHI,0,0,2.0,0.5118,2.93,False
2025-04-11,TBR,ATL,0,0,4.0,0.56,2.64,False
2025-04-12,,MIL,0,0,2.0,0.84,0.96,False
2025-04-12,OAK,NYM,0,0,2.0,0.64,2.16,False
2025-04-12,BAL,TOR,1,1,5.0,0.5906,3.54,False
2025-04-12,CHW,BOS,0,0,2.0,0.5579,2.65,False
2025-04-12,CIN,PIT,0,1,5.0,0.5,3.0,False
2025-04-12,CLE,KCR,0,0,3.0,0.6913,1.85,False
2025-04-12,HOU,LAA,0,0,4.0,0.57,2.58,False
2025-04-12,LAD,CHC,0,0,1.0,0.7042,1.77,False
2025-04-12,MIA,WSN,1,1,9.0,0.53,3.18,False
2025-04-12,MIN,DET,0,0,2.0,0.5256,2.85,False
2025-04-12,NYY,SFG,1,1,9.0,0.54,3.24,False
2025-04-12,SDP,COL,0,0,2.0,0.68,1.92,False
2025-04-12,SEA,TEX,0,1,6.0,0.5444,2.73,False
2025-04-12,STL,PHI,1,0,3.0,0.5582,3.35,False
2025-04-12,TBR,ATL,0,0,2.0,0.53,2.82,False
2025-04-13,,MIL,0,0,3.0,0.84,0.96,False
2025-04-13,OAK,NYM,0,0,0.0,0.64,2.16,False
2025-04-13,BAL,TOR,1,1,6.0,0.5833,3.5,False
2025-04-13,CHW,BOS,0,0,0.0,0.5679,2.59,False
2025-04-13,CIN,PIT,0,0,4.0,0.67,1.98,False
2025-04-13,CLE,KCR,0,1,6.0,0.5913,2.45,False
2025-04-13,HOU,LAA,0,1,7.0,0.51,2.94,False
2025-04-13,LAD,CHC,0,0,2.0,0.6942,1.83,False
2025-04-13,MIA,WSN,1,1,6.0,0.54,3.24,False
2025-04-13,MIN,DET,1,0,3.0,0.604,3.62,False
2025-04-13,NYY,SFG,1,0,4.0,0.56,3.36,False
2025-04-13,SDP,COL,0,1,5.0,0.71,1.74,False
2025-04-13,SEA,TEX,0,0,3.0,0.58,2.52,False
2025-04-13,STL,PHI,0,0,2.0,0.5118,2.93,False
2025-04-13,TBR,ATL,0,0,4.0,0.57,2.58,False
2025-04-14,LAD,COL,0,0,4.0,0.55,2.7,False
2025-04-14,MIL,DET,0,1,9.0,0.66,2.04,False
2025-04-14,MIN,NYM,0,0,2.0,0.608,2.35,False
2025-04-14,NYY,KCR,0,1,5.0,0.5784,2.53,False
2025-04-14,PHI,SFG,1,1,10.0,0.6156,3.69,False
2025-04-14,PIT,WSN,0,1,5.0,0.5,3.0,False
2025-04-14,SDP,CHC,0,0,4.0,0.6413,2.15,False
2025-04-14,STL,HOU,0,1,7.0,0.511,2.93,False
2025-04-14,TBR,BOS,1,1,16.0,0.7103,4.26,False
2025-04-14,TOR,ATL,1,1,8.0,0.6129,3.68,False
2025-04-15,BAL,CLE,0,0,4.0,0.6231,2.26,False
2025-04-15,CHW,OAK,1,1,8.0,0.51,3.06,False
2025-04-15,CIN,SEA,0,1,10.0,0.5979,2.41,False
2025-04-15,LAD,COL,1,1,7.0,0.6,3.6,False
2025-04-15,MIA,,1,1,6.0,0.55,3.3,False
2025-04-15,MIL,DET,0,0,3.0,0.59,2.46,False
2025-04-15,MIN,NYM,0,1,6.0,0.548,2.71,False
2025-04-15,NYY,KCR,1,0,2.0,0.5472,3.28,False
2025-04-15,PHI,SFG,1,0,4.0,0.5956,3.57,False
2025-04-15,PIT,WSN,0,0,1.0,0.67,1.98,False
2025-04-15,SDP,CHC,0,0,1.0,0.6513,2.09,False
2025-04-15,STL,HOU,0,0,0.0,0.5189,2.89,False
2025-04-15,TBR,BOS,1,1,8.0,0.6486,3.89,False
2025-04-15,TEX,LAA,0,0,0.0,0.53,2.82,False
2025-04-15,TOR,ATL,1,1,7.0,0.6074,3.64,False
2025-04-16,BAL,CLE,0,1,5.0,0.5301,2.82,False
2025-04-16,CHW,OAK,0,0,1.0,0.71,1.74,False
2025-04-16,CIN,SEA,0,0,4.0,0.6779,1.93,False
2025-04-16,LAD,COL,1,1,14.0,0.65,3.9,False
2025-04-16,MIA,,0,0,3.0,0.58,2.52,False
2025-04-16,MIL,DET,0,0,4.0,0.5928,2.44,False
2025-04-16,MIN,NYM,0,0,2.0,0.648,2.11,False
2025-04-16,NYY,KCR,1,1,6.0,0.5272,3.16,False
2025-04-16,PHI,SFG,1,1,9.0,0.57,3.42,False
2025-04-16,PIT,WSN,0,0,1.0,0.6679,1.99,False
2025-04-16,SDP,CHC,0,0,3.0,0.578,2.53,False
2025-04-16,STL,HOU,0,0,4.0,0.5389,2.77,False
2025-04-16,TBR,BOS,0,0,1.0,0.5414,2.75,False
2025-04-16,TEX,LAA,0,0,3.0,0.52,2.88,False
2025-04-16,TOR,ATL,1,0,1.0,0.5229,3.14,False
2025-04-17,BAL,CLE,0,1,6.0,0.5101,2.94,False
2025-04-17,CHW,OAK,0,0,2.0,0.75,1.5,False
2025-04-17,CIN,SEA,0,1,6.0,0.5211,2.87,False
2025-04-17,DET,KCR,0,0,4.0,0.64,2.16,False
2025-04-17,MIA,,1,1,9.0,0.56,3.36,False
2025-04-17,NYM,STL,0,1,5.0,0.5774,2.54,False
2025-04-17,PHI,SFG,1,1,6.0,0.56,3.36,False
2025-04-17,PIT,WSN,0,0,1.0,0.7279,1.63,False
2025-04-17,TBR,NYY,1,1,6.0,0.683,4.1,False
2025-04-17,TEX,LAA,0,1,7.0,0.53,2.82,False
2025-04-18,ATL,MIN,0,1,5.0,0.567,2.6,False
2025-04-18,BAL,CIN,1,1,8.0,0.543,3.26,False
2025-04-18,BOS,CHW,1,1,7.0,0.51,3.06,False
2025-04-18,CHC,,0,0,3.0,0.85,0.9,False
2025-04-18,COL,WSN,1,0,0.0,0.6621,3.97,False
2025-04-18,DET,KCR,0,1,6.0,0.62,2.28,False
2025-04-18,HOU,SDP,1,1,7.0,0.5456,3.27,False
2025-04-18,LAA,SFG,0,0,2.0,0.68,1.92,False
2025-04-18,MIL,OAK,0,0,3.0,0.7,1.8,False
2025-04-18,NYM,STL,0,0,4.0,0.6539,2.08,False
2025-04-18,PHI,MIA,1,1,7.0,0.5439,3.26,False
2025-04-18,PIT,CLE,0,1,7.0,0.5344,2.79,False
2025-04-18,TBR,NYY,1,0,1.0,0.6377,3.83,False
2025-04-18,TEX,LAD,1,0,1.0,0.59,3.54,False
2025-04-18,TOR,SEA,1,0,4.0,0.54,3.24,False
2025-04-19,ATL,MIN,0,0,4.0,0.597,2.42,False
2025-04-19,BAL,CIN,1,1,8.0,0.523,3.14,False
2025-04-19,BOS,CHW,0,0,3.0,0.58,2.52,False
2025-04-19,CHC,,0,1,7.0,0.86,0.84,False
2025-04-19,COL,WSN,1,1,11.0,0.6621,3.97,False
2025-04-19,DET,KCR,0,0,3.0,0.6761,1.94,False
2025-04-19,HOU,SDP,1,0,2.0,0.5056,3.03,False
2025-04-19,LAA,SFG,0,0,4.0,0.67,1.98,False
2025-04-19,MIL,OAK,0,0,2.0,0.65,2.1,False
2025-04-19,NYM,STL,0,0,2.0,0.6439,2.14,False
2025-04-19,PHI,MIA,0,1,10.0,0.51,2.94,False
2025-04-19,PIT,CLE,0,0,1.0,0.6344,2.19,False
2025-04-19,TBR,NYY,1,1,10.0,0.6877,4.13,False
2025-04-19,TEX,LAD,1,1,5.0,0.77,4.62,False
2025-04-19,TOR,SEA,1,0,4.0,0.56,3.36,False
2025-04-20,ATL,MIN,0,1,7.0,0.547,2.72,False
2025-04-20,BAL,CIN,0,1,13.0,0.507,2.96,False
2025-04-20,BOS,CHW,1,1,6.0,0.62,3.72,False
2025-04-20,CHC,,0,0,2.0,0.84,0.96,False
2025-04-20,COL,WSN,0,0,4.0,0.6379,2.17,False
2025-04-20,COL,WSN,0,0,4.0,0.6379,2.17,False
2025-04-20,COL,WSN,0,0,4.0,0.6479,2.11,False
2025-04-20,COL,WSN,0,0,4.0,0.6479,2.11,False
2025-04-20,COL,WSN,0,0,3.0,0.6379,2.17,False
2025-04-20,COL,WSN,0,0,3.0,0.6379,2.17,False
2025-04-20,COL,WSN,0,0,3.0,0.6479,2.11,False
2025-04-20,COL,WSN,0,0,3.0,0.6479,2.11,False
2025-04-20,DET,KCR,0,0,4.0,0.66,2.04,False
2025-04-20,HOU,SDP,1,0,4.0,0.5629,3.38,False
2025-04-20,LAA,SFG,0,0,2.0,0.66,2.04,False
2025-04-20,MIL,OAK,0,1,9.0,0.55,2.7,False
2025-04-20,NYM,STL,0,0,3.0,0.6639,2.02,False
2025-04-20,PHI,MIA,0,1,5.0,0.56,2.64,False
2025-04-20,PIT,CLE,0,0,2.0,0.6244,2.25,False
2025-04-20,TBR,NYY,1,0,2.0,0.6677,4.01,False
2025-04-20,TEX,LAD,1,0,0.0,0.6,3.6,False
2025-04-20,TOR,SEA,1,1,9.0,0.57,3.42,False
2025-04-21,ATL,STL,0,0,4.0,0.6288,2.23,False
2025-04-21,BOS,CHW,1,1,5.0,0.58,3.48,False
2025-04-21,CLE,NYY,1,1,5.0,0.84,5.04,False
2025-04-21,DET,SDP,0,1,10.0,0.637,2.18,False
2025-04-21,HOU,TOR,1,0,4.0,0.5354,3.21,False
2025-04-21,MIA,CIN,0,0,3.0,0.6,2.4,False
2025-04-21,NYM,PHI,0,0,2.0,0.6777,1.93,False
2025-04-21,SFG,MIL,0,0,4.0,0.61,2.34,False
2025-04-22,,TBR,0,0,4.0,0.51,2.94,False
2025-04-22,OAK,TEX,1,1,9.0,0.79,4.74,False
2025-04-22,ATL,STL,0,1,6.0,0.5639,2.62,False
2025-04-22,BOS,SEA,1,1,5.0,0.54,3.24,False
2025-04-22,CHC,LAD,1,1,11.0,0.59,3.54,False
2025-04-22,CLE,NYY,1,0,1.0,0.56,3.36,False
2025-04-22,DET,SDP,0,0,2.0,0.7013,1.79,False
2025-04-22,HOU,TOR,1,0,4.0,0.5054,3.03,False
2025-04-22,KCR,COL,0,0,0.0,0.61,2.34,False
2025-04-22,LAA,PIT,1,1,9.0,0.56,3.36,False
2025-04-22,MIA,CIN,0,0,3.0,0.57,2.58,False
2025-04-22,MIN,CHW,0,0,3.0,0.56,2.64,False
2025-04-22,NYM,PHI,0,0,3.0,0.6477,2.11,False
2025-04-22,SFG,MIL,0,0,4.0,0.5944,2.43,False
2025-04-22,WSN,BAL,1,1,5.0,0.5068,3.04,False
2025-04-23,,TBR,1,1,5.0,0.72,4.32,False
2025-04-23,OAK,TEX,1,1,6.0,0.69,4.14,False
2025-04-23,ATL,STL,0,0,1.0,0.5335,2.8,False
2025-04-23,BOS,SEA,1,1,6.0,0.5221,3.13,False
2025-04-23,CHC,LAD,1,1,12.0,0.57,3.42,False
2025-04-23,CLE,NYY,1,1,5.0,0.77,4.62,False
2025-04-23,DET,SDP,0,0,2.0,0.6813,1.91,False
2025-04-23,HOU,TOR,1,0,4.0,0.5254,3.15,False
2025-04-23,KCR,COL,0,0,0.0,0.6,2.4,False
2025-04-23,LAA,PIT,0,0,2.0,0.57,2.58,False
2025-04-23,MIA,CIN,1,1,5.0,0.58,3.48,False
2025-04-23,MIN,CHW,0,1,6.0,0.52,2.88,False
2025-04-23,NYM,PHI,0,0,4.0,0.6377,2.17,False
2025-04-23,SFG,MIL,0,0,0.0,0.5744,2.55,False
2025-04-23,WSN,BAL,0,0,4.0,0.6,2.4,False
2025-04-24,,TBR,1,1,5.0,0.72,4.32,False
2025-04-24,OAK,TEX,1,1,5.0,0.68,4.08,False
2025-04-24,BOS,SEA,1,1,6.0,0.5321,3.19,False
2025-04-24,KCR,COL,1,1,10.0,0.53,3.18,False
2025-04-24,KCR,COL,1,1,10.0,0.54,3.24,False
2025-04-24,KCR,COL,1,1,10.0,0.51,3.06,False
2025-04-24,KCR,COL,1,1,10.0,0.51,3.06,False
2025-04-24,KCR,COL,1,1,5.0,0.53,3.18,False
2025-04-24,KCR,COL,1,1,5.0,0.54,3.24,False
2025-04-24,KCR,COL,1,1,5.0,0.51,3.06,False
2025-04-24,KCR,COL,1,1,5.0,0.51,3.06,False
2025-04-24,LAA,PIT,0,1,6.0,0.54,2.76,False
2025-04-24,MIN,CHW,0,0,2.0,0.52,2.88,False
2025-04-24,SFG,MIL,0,1,9.0,0.5444,2.73,False
2025-04-24,WSN,BAL,0,0,3.0,0.66,2.04,False
2025-04-25,,ATL,1,0,4.0,0.67,4.02,False
2025-04-25,OAK,CHW,0,0,2.0,0.52,2.88,False
2025-04-25,CHC,PHI,0,0,3.0,0.6477,2.11,False
2025-04-25,CLE,BOS,1,0,0.0,0.623,3.74,False
2025-04-25,COL,CIN,1,1,12.0,0.56,3.36,False
2025-04-25,DET,BAL,0,0,0.0,0.66,2.04,False
2025-04-25,KCR,HOU,0,0,1.0,0.54,2.76,False
2025-04-25,LAD,PIT,1,0,3.0,0.52,3.12,False
2025-04-25,MIN,LAA,1,1,11.0,0.53,3.18,False
2025-04-25,NYY,TOR,1,0,0.0,0.5027,3.02,False
2025-04-25,SDP,TBR,0,0,1.0,0.6,2.4,False
2025-04-25,SFG,TEX,0,0,1.0,0.61,2.34,False
2025-04-25,SEA,MIA,0,1,7.0,0.634,2.2,False
2025-04-25,STL,MIL,0,0,3.0,0.55,2.7,False
2025-04-25,WSN,NYM,0,0,2.0,0.61,2.34,False
2025-04-26,,ATL,1,1,7.0,0.68,4.08,False
2025-04-26,OAK,CHW,1,1,7.0,0.69,4.14,False
2025-04-26,CHC,PHI,1,1,8.0,0.5023,3.01,False
2025-04-26,CLE,BOS,1,1,8.0,0.623,3.74,False
2025-04-26,CLE,BOS,1,1,8.0,0.623,3.74,False
2025-04-26,CLE,BOS,1,1,8.0,0.633,3.8,False
2025-04-26,CLE,BOS,1,1,8.0,0.633,3.8,False
2025-04-26,CLE,BOS,1,1,9.0,0.623,3.74,False
2025-04-26,CLE,BOS,1,1,9.0,0.623,3.74,False
2025-04-26,CLE,BOS,1,1,9.0,0.633,3.8,False
2025-04-26,CLE,BOS,1,1,9.0,0.633,3.8,False
2025-04-26,COL,CIN,1,1,6.0,0.58,3.48,False
2025-04-26,DET,BAL,0,0,4.0,0.64,2.16,False
2025-04-26,DET,BAL,0,0,4.0,0.64,2.16,False
2025-04-26,DET,BAL,0,0,4.0,0.63,2.22,False
2025-04-26,DET,BAL,0,0,4.0,0.63,2.22,False
2025-04-26,DET,BAL,0,0,4.0,0.64,2.16,False
2025-04-26,DET,BAL,0,0,4.0,0.64,2.16,False
2025-04-26,DET,BAL,0,0,4.0,0.63,2.22,False
2025-04-26,DET,BAL,0,0,4.0,0.63,2.22,False
2025-04-26,KCR,HOU,0,0,2.0,0.59,2.46,False
2025-04-26,LAD,PIT,1,1,6.0,0.65,3.9,False
2025-04-26,MIN,LAA,0,1,5.0,0.62,2.28,False
2025-04-26,NYY,TOR,0,0,0.0,0.5357,2.79,False
2025-04-26,SDP,TBR,0,0,3.0,0.6,2.4,False
2025-04-26,SFG,TEX,0,0,4.0,0.58,2.52,False
2025-04-26,SEA,MIA,0,1,10.0,0.6393,2.16,False
2025-04-26,STL,MIL,1,1,7.0,0.57,3.42,False
2025-04-26,WSN,NYM,0,0,2.0,0.65,2.1,False
2025-04-27,,ATL,1,1,5.0,0.65,3.9,False
2025-04-27,OAK,CHW,0,0,2.0,0.58,2.52,False
2025-04-27,CHC,PHI,0,0,2.0,0.6343,2.19,False
2025-04-27,CLE,BOS,1,1,8.0,0.623,3.74,False
2025-04-27,COL,CIN,1,1,7.0,0.59,3.54,False
2025-04-27,DET,BAL,0,0,3.0,0.55,2.7,False
2025-04-27,KCR,HOU,0,1,5.0,0.6044,2.37,False
2025-04-27,LAD,PIT,1,1,10.0,0.688,4.13,False
2025-04-27,MIN,LAA,0,0,1.0,0.66,2.04,False
2025-04-27,NYY,TOR,0,1,10.0,0.5057,2.97,False
2025-04-27,NYY,TOR,0,1,10.0,0.5035,2.98,False
2025-04-27,NYY,TOR,1,1,10.0,0.5371,3.22,False
2025-04-27,NYY,TOR,0,1,10.0,0.5073,2.96,False
2025-04-27,NYY,TOR,0,0,2.0,0.5057,2.97,False
2025-04-27,NYY,TOR,0,0,2.0,0.5035,2.98,False
2025-04-27,NYY,TOR,1,0,2.0,0.5371,3.22,False
2025-04-27,NYY,TOR,0,0,2.0,0.5073,2.96,False
2025-04-27,SDP,TBR,0,1,5.0,0.54,2.76,False
2025-04-27,SFG,TEX,0,0,4.0,0.64,2.16,False
2025-04-27,SEA,MIA,0,1,9.0,0.674,1.96,False
2025-04-27,STL,MIL,1,1,8.0,0.55,3.3,False
2025-04-27,WSN,NYM,0,1,8.0,0.61,2.34,False
2025-04-28,BAL,NYY,1,0,4.0,0.62,3.72,False
2025-04-28,CIN,STL,0,0,3.0,0.6118,2.33,False
2025-04-28,CLE,MIN,0,1,7.0,0.5701,2.58,False
2025-04-28,COL,ATL,1,1,8.0,0.5921,3.55,False
2025-04-28,HOU,DET,1,1,5.0,0.5339,3.2,False
2025-04-28,LAD,MIA,1,1,5.0,0.54,3.24,False
2025-04-28,TEX,OAK,0,0,2.0,0.69,1.86,False
2025-04-28,WSN,NYM,0,0,3.0,0.5432,2.74,False
2025-04-29,BAL,NYY,1,1,12.0,0.72,4.32,False
2025-04-29,CHW,MIL,0,0,3.0,0.6044,2.37,False
2025-04-29,CIN,STL,0,0,0.0,0.5458,2.73,False
2025-04-29,CLE,MIN,0,0,2.0,0.657,2.06,False
2025-04-29,COL,ATL,1,1,7.0,0.5621,3.37,False
2025-04-29,HOU,DET,1,0,2.0,0.5439,3.26,False
2025-04-29,LAD,MIA,1,1,8.0,0.55,3.3,False
2025-04-29,NYM,,0,1,9.0,0.56,2.64,False
2025-04-29,PHI,WSN,1,0,3.0,0.5011,3.01,False
2025-04-29,PIT,CHC,1,0,4.0,0.6663,4.0,False
2025-04-29,SDP,SFG,0,1,6.0,0.6,2.4,False
2025-04-29,SEA,LAA,0,0,3.0,0.7634,1.42,False
2025-04-29,TBR,KCR,0,0,3.0,0.547,2.72,False
2025-04-29,TEX,OAK,0,0,4.0,0.68,1.92,False
2025-04-29,TOR,BOS,0,1,9.0,0.5231,2.86,False
2025-04-30,BAL,NYY,1,1,8.0,0.74,4.44,False
2025-04-30,CHW,MIL,0,1,6.0,0.5944,2.43,False
2025-04-30,CIN,STL,0,0,1.0,0.5962,2.42,False
2025-04-30,CIN,STL,0,0,1.0,0.6111,2.33,False
2025-04-30,CIN,STL,0,0,1.0,0.6168,2.3,False
2025-04-30,CIN,STL,0,0,1.0,0.6203,2.28,False
2025-04-30,CIN,STL,0,1,9.0,0.5962,2.42,False
2025-04-30,CIN,STL,0,1,9.0,0.6111,2.33,False
2025-04-30,CIN,STL,0,1,9.0,0.6168,2.3,False
2025-04-30,CIN,STL,0,1,9.0,0.6203,2.28,False
2025-04-30,CLE,MIN,0,0,0.0,0.647,2.12,False
2025-04-30,COL,ATL,1,0,3.0,0.5321,3.19,False
2025-04-30,HOU,DET,1,1,10.0,0.5039,3.02,False
2025-04-30,LAD,MIA,1,1,6.0,0.51,3.06,False
2025-04-30,NYM,,0,0,1.0,0.79,1.26,False
2025-04-30,PHI,WSN,1,1,7.0,0.6111,3.67,False
2025-04-30,PIT,CHC,1,1,5.0,0.6563,3.94,False
2025-04-30,SDP,SFG,0,0,4.0,0.59,2.46,False
2025-04-30,SEA,LAA,0,1,6.0,0.7434,1.54,False
2025-04-30,TBR,KCR,0,0,3.0,0.597,2.42,False
2025-04-30,TEX,OAK,0,0,2.0,0.66,2.04,False
2025-04-30,TOR,BOS,0,0,4.0,0.6231,2.26,False
2025-05-01,CHW,MIL,0,0,1.0,0.6344,2.19,False
2025-05-01,CIN,STL,0,1,5.0,0.641,2.15,False
2025-05-01,CLE,MIN,0,0,2.0,0.6101,2.34,False
2025-05-01,LAA,DET,1,1,6.0,0.5493,3.3,False
2025-05-01,NYM,,0,0,2.0,0.79,1.26,False
2025-05-01,PHI,WSN,1,0,1.0,0.6311,3.79,False
2025-05-01,PIT,CHC,1,1,5.0,0.62,3.72,False
2025-05-01,SFG,COL,0,0,2.0,0.65,2.1,False
2025-05-01,TBR,KCR,0,1,5.0,0.547,2.72,False
2025-05-01,TEX,OAK,0,0,1.0,0.58,2.52,False
2025-05-01,TOR,BOS,0,0,2.0,0.5931,2.44,False
2025-05-02,ATL,LAD,1,0,1.0,0.63,3.78,False
2025-05-02,BAL,KCR,0,0,0.0,0.607,2.36,False
2025-05-02,BOS,MIN,0,0,2.0,0.5222,2.87,False
2025-05-02,CHW,HOU,0,1,5.0,0.5923,2.45,False
2025-05-02,CIN,WSN,0,1,6.0,0.5384,2.77,False
2025-05-02,LAA,DET,1,0,1.0,0.5572,3.34,False
2025-05-02,MIA,OAK,1,1,6.0,0.53,3.18,False
2025-05-02,MIL,CHC,1,1,9.0,0.593,3.56,False
2025-05-02,NYY,TBR,1,0,3.0,0.58,3.48,False
2025-05-02,PHI,,0,0,2.0,0.62,2.28,False
2025-05-02,PIT,SDP,0,1,8.0,0.6344,2.19,False
2025-05-02,SFG,COL,0,0,4.0,0.71,1.74,False
2025-05-02,STL,NYM,0,1,9.0,0.6093,2.34,False
2025-05-02,TEX,SEA,1,1,8.0,0.52,3.12,False
2025-05-02,TOR,CLE,0,1,5.0,0.5028,2.98,False
2025-05-03,ATL,LAD,1,1,10.0,0.62,3.72,False
2025-05-03,BAL,KCR,0,0,2.0,0.607,2.36,False
2025-05-03,BOS,MIN,0,0,2.0,0.6182,2.29,False
2025-05-03,CHW,HOU,0,1,6.0,0.6023,2.39,False
2025-05-03,CIN,WSN,0,1,6.0,0.5484,2.71,False
2025-05-03,LAA,DET,1,0,1.0,0.5293,3.18,False
2025-05-03,MIA,OAK,0,1,8.0,0.68,1.92,False
2025-05-03,MIL,CHC,1,1,8.0,0.56,3.36,False
2025-05-03,NYY,TBR,1,0,3.0,0.57,3.42,False
2025-05-03,PHI,,0,1,7.0,0.57,2.58,False
2025-05-03,PIT,SDP,0,0,1.0,0.6144,2.31,False
2025-05-03,SFG,COL,0,0,1.0,0.62,2.28,False
2025-05-03,STL,NYM,0,0,0.0,0.5844,2.49,False
2025-05-03,TEX,SEA,1,0,2.0,0.54,3.24,False
2025-05-03,TOR,CLE,1,0,3.0,0.5472,3.28,False
2025-05-04,ATL,LAD,1,1,5.0,0.63,3.78,False
2025-05-04,BAL,KCR,0,1,9.0,0.627,2.24,False
2025-05-04,BOS,MIN,0,0,4.0,0.6182,2.29,False
2025-05-04,CHW,HOU,0,1,7.0,0.6179,2.29,False
2025-05-04,CIN,WSN,0,0,2.0,0.5784,2.53,False
2025-05-04,LAA,DET,1,1,5.0,0.5293,3.18,False
2025-05-04,MIA,OAK,0,0,4.0,0.71,1.74,False
2025-05-04,MIL,CHC,1,0,0.0,0.513,3.08,False
2025-05-04,NYY,TBR,1,1,5.0,0.57,3.42,False
2025-05-04,PHI,,0,1,9.0,0.71,1.74,False
2025-05-04,PIT,SDP,0,0,4.0,0.6044,2.37,False
2025-05-04,SFG,COL,0,1,6.0,0.59,2.46,False
2025-05-04,STL,NYM,0,1,8.0,0.5944,2.43,False
2025-05-04,STL,NYM,0,1,8.0,0.5793,2.52,False
2025-05-04,STL,NYM,0,1,8.0,0.6144,2.31,False
2025-05-04,STL,NYM,0,1,8.0,0.6193,2.28,False
2025-05-04,STL,NYM,0,1,8.0,0.5944,2.43,False
2025-05-04,STL,NYM,0,1,8.0,0.5793,2.52,False
2025-05-04,STL,NYM,0,1,8.0,0.6144,2.31,False
2025-05-04,STL,NYM,0,1,8.0,0.6193,2.28,False
2025-05-04,TEX,SEA,1,1,7.0,0.53,3.18,False
2025-05-04,TOR,CLE,1,1,7.0,0.6029,3.62,False
2025-05-05,,NYM,0,0,3.0,0.59,2.46,False
2025-05-05,OAK,SEA,1,1,8.0,0.59,3.54,False
2025-05-05,ATL,CIN,0,0,4.0,0.5613,2.63,False
2025-05-05,CHC,SFG,1,1,6.0,0.52,3.12,False
2025-05-05,KCR,CHW,0,0,2.0,0.59,2.46,False
2025-05-05,MIA,LAD,1,1,5.0,0.64,3.84,False
2025-05-05,MIL,HOU,0,0,3.0,0.62,2.28,False
2025-05-05,NYY,SDP,0,0,2.0,0.5113,2.93,False
2025-05-05,STL,PIT,0,1,5.0,0.5961,2.42,False
2025-05-05,WSN,CLE,0,0,0.0,0.5,3.0,False
2025-05-06,,NYM,0,0,3.0,0.62,2.28,False
2025-05-06,OAK,SEA,1,0,4.0,0.55,3.3,False
2025-05-06,ATL,CIN,0,0,0.0,0.6531,2.08,False
2025-05-06,BOS,TEX,0,1,6.0,0.62,2.28,False
2025-05-06,CHC,SFG,0,1,8.0,0.5,3.0,False
2025-05-06,COL,DET,1,0,0.0,0.7121,4.27,False
2025-05-06,KCR,CHW,0,0,1.0,0.56,2.64,False
2025-05-06,LAA,TOR,1,0,4.0,0.5423,3.25,False
2025-05-06,MIA,LAD,1,0,3.0,0.63,3.78,False
2025-05-06,MIL,HOU,0,0,4.0,0.61,2.34,False
2025-05-06,MIN,BAL,0,1,6.0,0.65,2.1,False
2025-05-06,NYY,SDP,0,0,4.0,0.5044,2.97,False
2025-05-06,STL,PIT,0,0,0.0,0.5561,2.66,False
2025-05-06,TBR,PHI,1,1,5.0,0.5385,3.23,False
2025-05-06,WSN,CLE,1,1,6.0,0.55,3.3,False
2025-05-06,WSN,CLE,0,1,6.0,0.5,3.0,False
2025-05-06,WSN,CLE,1,1,6.0,0.51,3.06,False
2025-05-06,WSN,CLE,0,1,6.0,0.52,2.88,False
2025-05-06,WSN,CLE,1,0,0.0,0.55,3.3,False
2025-05-06,WSN,CLE,0,0,0.0,0.5,3.0,False
2025-05-06,WSN,CLE,1,0,0.0,0.51,3.06,False
2025-05-06,WSN,CLE,0,0,0.0,0.52,2.88,False
2025-05-07,,NYM,0,0,0.0,0.62,2.28,False
2025-05-07,OAK,SEA,1,1,6.0,0.52,3.12,False
2025-05-07,ATL,CIN,0,1,5.0,0.5413,2.75,False
2025-05-07,BOS,TEX,1,1,5.0,0.55,3.3,False
2025-05-07,CHC,SFG,1,0,4.0,0.52,3.12,False
2025-05-07,COL,DET,1,1,12.0,0.6221,3.73,False
2025-05-07,KCR,CHW,0,0,2.0,0.55,2.7,False
2025-05-07,LAA,TOR,1,0,0.0,0.5467,3.28,False
2025-05-07,MIA,LAD,1,0,0.0,0.67,4.02,False
2025-05-07,MIL,HOU,0,0,4.0,0.6644,2.01,False
2025-05-07,MIN,BAL,0,1,5.0,0.61,2.34,False
2025-05-07,NYY,SDP,0,0,1.0,0.5144,2.91,False
2025-05-07,STL,PIT,1,0,3.0,0.53,3.18,False
2025-05-07,TBR,PHI,1,1,6.0,0.5055,3.03,False
2025-05-07,WSN,CLE,0,0,3.0,0.54,2.76,False
2025-05-08,,LAD,0,1,5.0,0.59,2.46,False
2025-05-08,ATL,CIN,0,0,3.0,0.5613,2.63,False
2025-05-08,BOS,TEX,1,0,3.0,0.55,3.3,False
2025-05-08,COL,DET,1,1,10.0,0.6293,3.78,False
2025-05-08,COL,DET,1,1,10.0,0.6372,3.82,False
2025-05-08,COL,DET,1,1,10.0,0.6693,4.02,False
2025-05-08,COL,DET,1,1,10.0,0.6672,4.0,False
2025-05-08,COL,DET,1,1,7.0,0.6293,3.78,False
2025-05-08,COL,DET,1,1,7.0,0.6372,3.82,False
2025-05-08,COL,DET,1,1,7.0,0.6693,4.02,False
2025-05-08,COL,DET,1,1,7.0,0.6672,4.0,False
2025-05-08,KCR,CHW,0,0,4.0,0.57,2.58,False
2025-05-08,LAA,TOR,1,1,7.0,0.5723,3.43,False
2025-05-08,MIN,BAL,0,0,3.0,0.67,1.98,False
2025-05-08,TBR,PHI,1,0,3.0,0.5087,3.05,False
2025-05-09,,LAD,0,1,16.0,0.6,2.4,False
2025-05-09,OAK,NYY,0,0,3.0,0.52,2.88,False
2025-05-09,CHW,MIA,0,0,3.0,0.5223,2.87,False
2025-05-09,CLE,PHI,1,0,4.0,0.5325,3.19,False
2025-05-09,COL,SDP,0,1,11.0,0.51,2.94,False
2025-05-09,DET,TEX,0,0,2.0,0.63,2.22,False
2025-05-09,HOU,CIN,1,0,3.0,0.53,3.18,False
2025-05-09,KCR,BOS,0,0,0.0,0.5337,2.8,False
2025-05-09,LAA,BAL,0,0,3.0,0.68,1.92,False
2025-05-09,MIN,SFG,0,0,3.0,0.55,2.7,False
2025-05-09,NYM,CHC,0,1,7.0,0.6134,2.32,False
2025-05-09,PIT,ATL,0,0,1.0,0.5323,2.81,False
2025-05-09,SEA,TOR,0,1,6.0,0.6307,2.22,False
2025-05-09,TBR,MIL,1,0,4.0,0.51,3.06,False
2025-05-09,WSN,STL,0,1,6.0,0.51,2.94,False
2025-05-10,,LAD,0,0,1.0,0.65,2.1,False
2025-05-10,OAK,NYY,0,1,5.0,0.52,2.88,False
2025-05-10,CHW,MIA,1,0,1.0,0.5777,3.47,False
2025-05-10,CLE,PHI,1,0,1.0,0.5297,3.18,False
2025-05-10,COL,SDP,0,1,19.0,0.56,2.64,False
2025-05-10,DET,TEX,0,1,9.0,0.66,2.04,False
2025-05-10,HOU,CIN,1,1,20.0,0.53,3.18,False
2025-05-10,KCR,BOS,0,1,5.0,0.5037,2.98,False
2025-05-10,LAA,BAL,0,1,5.0,0.56,2.64,False
2025-05-10,MIN,SFG,0,0,3.0,0.51,2.94,False
2025-05-10,NYM,CHC,0,1,7.0,0.5934,2.44,False
2025-05-10,PIT,ATL,1,0,3.0,0.5321,3.19,False
2025-05-10,SEA,TOR,0,1,5.0,0.6158,2.31,False
2025-05-10,TBR,MIL,0,0,4.0,0.51,2.94,False
2025-05-10,WSN,STL,0,0,4.0,0.57,2.58,False
2025-05-11,,LAD,0,0,3.0,0.6,2.4,False
2025-05-11,OAK,NYY,1,1,13.0,0.51,3.06,False
2025-05-11,CHW,MIA,1,0,2.0,0.5921,3.55,False
2025-05-11,CLE,PHI,1,0,1.0,0.5297,3.18,False
2025-05-11,COL,SDP,0,1,7.0,0.56,2.64,False
2025-05-11,DET,TEX,0,1,5.0,0.6021,2.39,False
2025-05-11,HOU,CIN,0,0,4.0,0.51,2.94,False
2025-05-11,KCR,BOS,0,0,2.0,0.55,2.7,False
2025-05-11,LAA,BAL,0,1,5.0,0.65,2.1,False
2025-05-11,MIN,SFG,0,1,7.0,0.56,2.64,False
2025-05-11,NYM,CHC,0,0,1.0,0.6101,2.34,False
2025-05-11,PIT,ATL,1,0,3.0,0.5021,3.01,False
2025-05-11,SEA,TOR,0,1,6.0,0.5456,2.73,False
2025-05-11,TBR,MIL,0,1,5.0,0.537,2.78,False
2025-05-11,WSN,STL,0,0,3.0,0.61,2.34,False
2025-05-12,ATL,WSN,0,0,4.0,0.5244,2.85,False
2025-05-12,CHC,MIA,1,1,5.0,0.569,3.41,False
2025-05-12,CLE,MIL,0,0,3.0,0.507,2.96,False
2025-05-12,DET,BOS,1,1,12.0,0.585,3.51,False
2025-05-12,HOU,KCR,0,1,7.0,0.63,2.22,False
2025-05-12,NYM,PIT,1,0,2.0,0.53,3.18,False
2025-05-12,PHI,STL,0,0,2.0,0.6191,2.29,False
2025-05-12,SDP,LAA,0,1,6.0,0.63,2.22,False
2025-05-12,SFG,,0,0,3.0,0.57,2.58,False
2025-05-12,SEA,NYY,1,1,9.0,0.76,4.56,False
2025-05-12,TEX,COL,0,0,1.0,0.6,2.4,False
2025-05-13,ATL,WSN,0,1,5.0,0.5144,2.91,False
2025-05-13,BAL,MIN,0,0,0.0,0.6201,2.28,False
2025-05-13,CHC,MIA,1,0,4.0,0.5629,3.38,False
2025-05-13,CIN,CHW,1,0,1.0,0.56,3.36,False
2025-05-13,CLE,MIL,0,0,1.0,0.5413,2.75,False
2025-05-13,DET,BOS,1,1,7.0,0.5083,3.05,False
2025-05-13,HOU,KCR,0,0,1.0,0.5828,2.5,False
2025-05-13,LAD,OAK,0,1,7.0,0.57,2.58,False
2025-05-13,NYM,PIT,0,0,1.0,0.5,3.0,False
2025-05-13,PHI,STL,1,0,0.0,0.5078,3.05,False
2025-05-13,SDP,LAA,0,0,3.0,0.64,2.16,False
2025-05-13,SFG,,1,1,10.0,0.55,3.3,False
2025-05-13,SEA,NYY,1,0,1.0,0.67,4.02,False
2025-05-13,TEX,COL,0,0,4.0,0.6,2.4,False
2025-05-13,TOR,TBR,1,1,7.0,0.5231,3.14,False
2025-05-14,ATL,WSN,0,1,5.0,0.5144,2.91,False
2025-05-14,BAL,MIN,0,1,7.0,0.687,1.88,False
2025-05-14,BAL,MIN,0,1,7.0,0.697,1.82,False
2025-05-14,BAL,MIN,0,1,7.0,0.677,1.94,False
2025-05-14,BAL,MIN,0,1,7.0,0.687,1.88,False
2025-05-14,BAL,MIN,0,1,11.0,0.687,1.88,False
2025-05-14,BAL,MIN,0,1,11.0,0.697,1.82,False
2025-05-14,BAL,MIN,0,1,11.0,0.677,1.94,False
2025-05-14,BAL,MIN,0,1,11.0,0.687,1.88,False
2025-05-14,CHC,MIA,1,0,4.0,0.5929,3.56,False
2025-05-14,CIN,CHW,1,0,2.0,0.54,3.24,False
2025-05-14,CLE,MIL,0,0,4.0,0.5,3.0,False
2025-05-14,DET,BOS,0,0,4.0,0.505,2.97,False
2025-05-14,HOU,KCR,0,0,4.0,0.6128,2.32,False
2025-05-14,LAD,OAK,0,1,6.0,0.59,2.46,False
2025-05-14,NYM,PIT,1,0,4.0,0.51,3.06,False
2025-05-14,PHI,STL,0,0,0.0,0.5222,2.87,False
2025-05-14,PHI,STL,0,0,0.0,0.5222,2.87,False
2025-05-14,PHI,STL,0,0,0.0,0.5609,2.63,False
2025-05-14,PHI,STL,0,0,0.0,0.5609,2.63,False
2025-05-14,PHI,STL,0,1,16.0,0.5222,2.87,False
2025-05-14,PHI,STL,0,1,16.0,0.5222,2.87,False
2025-05-14,PHI,STL,0,1,16.0,0.5609,2.63,False
2025-05-14,PHI,STL,0,1,16.0,0.5609,2.63,False
2025-05-14,SDP,LAA,0,0,4.0,0.66,2.04,False
2025-05-14,SFG,,0,1,12.0,0.61,2.34,False
2025-05-14,SEA,NYY,1,0,2.0,0.68,4.08,False
2025-05-14,TEX,COL,0,1,7.0,0.51,2.94,False
2025-05-14,TOR,TBR,1,0,1.0,0.5031,3.02,False
2025-05-15,ATL,WSN,0,0,4.0,0.5544,2.67,False
2025-05-15,BAL,MIN,0,0,3.0,0.6201,2.28,False
2025-05-15,CIN,CHW,1,1,6.0,0.51,3.06,False
2025-05-15,LAD,OAK,0,1,17.0,0.58,2.52,False
2025-05-15,TEX,HOU,0,0,0.0,0.5865,2.48,False
2025-05-15,TOR,TBR,1,1,7.0,0.5231,3.14,False
2025-05-16,,COL,1,1,5.0,0.7,4.2,False
2025-05-16,BAL,WSN,0,0,3.0,0.5779,2.53,False
2025-05-16,BOS,ATL,1,0,2.0,0.5141,3.08,False
2025-05-16,CHC,CHW,1,1,9.0,0.5911,3.55,False
2025-05-16,CIN,CLE,0,1,8.0,0.5909,2.45,False
2025-05-16,KCR,STL,0,1,5.0,0.53,2.82,False
2025-05-16,LAD,LAA,0,1,5.0,0.54,2.76,False
2025-05-16,MIA,TBR,0,1,9.0,0.5132,2.92,False
2025-05-16,MIL,MIN,0,0,3.0,0.6144,2.31,False
2025-05-16,NYY,NYM,0,1,7.0,0.5744,2.55,False
2025-05-16,PHI,PIT,1,0,1.0,0.5072,3.04,False
2025-05-16,SDP,SEA,0,0,3.0,0.6237,2.26,False
2025-05-16,SFG,OAK,0,0,4.0,0.78,1.32,False
2025-05-16,TEX,HOU,0,0,2.0,0.5928,2.44,False
2025-05-16,TOR,DET,0,0,4.0,0.52,2.88,False
2025-05-17,,COL,1,1,17.0,0.7,4.2,False
2025-05-17,BAL,WSN,0,1,7.0,0.5707,2.58,False
2025-05-17,BOS,ATL,1,1,8.0,0.5341,3.2,False
2025-05-17,CHC,CHW,1,1,9.0,0.5011,3.01,False
2025-05-17,CIN,CLE,0,0,2.0,0.7074,1.76,False
2025-05-17,KCR,STL,0,0,0.0,0.51,2.94,False
2025-05-17,LAD,LAA,0,1,9.0,0.54,2.76,False
2025-05-17,MIA,TBR,0,0,4.0,0.5232,2.86,False
2025-05-17,MIL,MIN,0,1,5.0,0.6144,2.31,False
2025-05-17,NYY,NYM,0,0,3.0,0.6144,2.31,False
2025-05-17,PHI,PIT,1,1,5.0,0.5072,3.04,False
2025-05-17,SDP,SEA,0,0,2.0,0.64,2.16,False
2025-05-17,SFG,OAK,0,0,0.0,0.8,1.2,False
2025-05-17,TEX,HOU,0,0,2.0,0.61,2.34,False
2025-05-17,TOR,DET,1,0,1.0,0.52,3.12,False
2025-05-18,,COL,1,0,1.0,0.54,3.24,False
2025-05-18,BAL,WSN,0,1,9.0,0.6949,1.83,False
2025-05-18,BOS,ATL,1,1,11.0,0.5721,3.43,False
2025-05-18,CHC,CHW,0,0,2.0,0.57,2.58,False
2025-05-18,CIN,CLE,0,0,2.0,0.6632,2.02,False
2025-05-18,KCR,STL,0,0,2.0,0.56,2.64,False
2025-05-18,LAD,LAA,0,1,5.0,0.5581,2.65,False
2025-05-18,MIA,TBR,0,0,4.0,0.5432,2.74,False
2025-05-18,MIL,MIN,0,1,5.0,0.6544,2.07,False
2025-05-18,NYY,NYM,0,0,4.0,0.6244,2.25,False
2025-05-18,PHI,PIT,1,0,1.0,0.5311,3.19,False
2025-05-18,SDP,SEA,0,0,4.0,0.64,2.16,False
2025-05-18,SFG,OAK,0,0,3.0,0.8,1.2,False
2025-05-18,TEX,HOU,1,0,3.0,0.5356,3.21,False
2025-05-18,TOR,DET,0,0,4.0,0.55,2.7,False
2025-05-19,OAK,LAA,1,1,7.0,0.58,3.48,False
2025-05-19,BOS,NYM,0,0,4.0,0.5242,2.85,False
2025-05-19,CHW,SEA,0,0,1.0,0.5479,2.71,False
2025-05-19,COL,PHI,1,0,3.0,0.6093,3.66,False
2025-05-19,LAD,,0,1,8.0,0.5244,2.85,False
2025-05-19,MIA,CHC,1,1,9.0,0.5346,3.21,False
2025-05-19,MIL,BAL,0,1,5.0,0.68,1.92,False
2025-05-19,MIN,CLE,0,0,3.0,0.67,1.98,False
2025-05-19,PIT,CIN,1,0,2.0,0.5421,3.25,False
2025-05-19,SFG,KCR,0,0,0.0,0.69,1.86,False
2025-05-19,STL,DET,0,1,5.0,0.5031,2.98,False
2025-05-19,TBR,HOU,1,1,5.0,0.5381,3.23,False
2025-05-20,OAK,LAA,1,1,9.0,0.56,3.36,False
2025-05-20,BOS,NYM,0,0,2.0,0.5342,2.79,False
2025-05-20,CHW,SEA,0,0,1.0,0.5079,2.95,False
2025-05-20,COL,PHI,1,1,5.0,0.6193,3.72,False
2025-05-20,LAD,,0,0,1.0,0.5244,2.85,False
2025-05-20,MIA,CHC,1,0,2.0,0.513,3.08,False
2025-05-20,MIL,BAL,0,0,3.0,0.69,1.86,False
2025-05-20,MIN,CLE,0,0,0.0,0.69,1.86,False
2025-05-20,NYY,TEX,1,0,2.0,0.6056,3.63,False
2025-05-20,PIT,CIN,1,0,0.0,0.5321,3.19,False
2025-05-20,SFG,KCR,0,0,4.0,0.68,1.92,False
2025-05-20,STL,DET,1,1,6.0,0.5369,3.22,False
2025-05-20,TBR,HOU,1,0,2.0,0.5281,3.17,False
2025-05-20,TOR,SDP,0,0,3.0,0.5715,2.57,False
2025-05-20,WSN,ATL,0,1,7.0,0.56,2.64,False
2025-05-21,OAK,LAA,1,1,10.0,0.54,3.24,False
2025-05-21,BOS,NYM,1,0,2.0,0.5158,3.09,False
2025-05-21,CHW,SEA,1,1,7.0,0.5084,3.05,False
2025-05-21,COL,PHI,1,1,10.0,0.6493,3.9,False
2025-05-21,LAD,,0,0,1.0,0.5244,2.85,False
2025-05-21,MIA,CHC,1,0,2.0,0.5077,3.05,False
2025-05-21,MIL,BAL,0,0,2.0,0.78,1.32,False
2025-05-21,MIN,CLE,0,1,6.0,0.57,2.58,False
2025-05-21,MIN,CLE,0,1,6.0,0.59,2.46,False
2025-05-21,MIN,CLE,0,1,6.0,0.58,2.52,False
2025-05-21,MIN,CLE,0,1,6.0,0.6,2.4,False
2025-05-21,MIN,CLE,0,0,1.0,0.57,2.58,False
2025-05-21,MIN,CLE,0,0,1.0,0.59,2.46,False
2025-05-21,MIN,CLE,0,0,1.0,0.58,2.52,False
2025-05-21,MIN,CLE,0,0,1.0,0.6,2.4,False
2025-05-21,NYY,TEX,1,0,2.0,0.6729,4.04,False
2025-05-21,PIT,CIN,1,0,3.0,0.5321,3.19,False
2025-05-21,SFG,KCR,0,1,10.0,0.59,2.46,False
2025-05-21,STL,DET,1,0,2.0,0.5239,3.14,False
2025-05-21,TBR,HOU,1,1,7.0,0.5752,3.45,False
2025-05-21,TOR,SDP,0,0,2.0,0.5115,2.93,False
2025-05-21,WSN,ATL,0,0,0.0,0.57,2.58,False
2025-05-22,OAK,LAA,1,1,7.0,0.58,3.48,False
2025-05-22,BOS,BAL,1,0,0.0,0.5318,3.19,False
2025-05-22,COL,PHI,1,0,1.0,0.7072,4.24,False
2025-05-22,DET,CLE,0,0,3.0,0.5244,2.85,False
2025-05-22,HOU,SEA,1,1,8.0,0.54,3.24,False
2025-05-22,NYY,TEX,1,0,1.0,0.5372,3.22,False
2025-05-22,PIT,MIL,0,1,6.0,0.54,2.76,False
2025-05-22,TOR,SDP,0,1,6.0,0.5271,2.84,False
2025-05-22,WSN,ATL,0,1,12.0,0.55,2.7,False
2025-05-23,OAK,PHI,1,0,1.0,0.58,3.48,False
2025-05-23,ATL,SDP,0,0,2.0,0.5704,2.58,False
2025-05-23,BOS,BAL,1,0,3.0,0.5118,3.07,False
2025-05-23,BOS,BAL,1,0,3.0,0.5118,3.07,False
2025-05-23,BOS,BAL,1,0,3.0,0.5418,3.25,False
2025-05-23,BOS,BAL,1,0,3.0,0.5418,3.25,False
2025-05-23,BOS,BAL,1,0,0.0,0.5118,3.07,False
2025-05-23,BOS,BAL,1,0,0.0,0.5118,3.07,False
2025-05-23,BOS,BAL,1,0,0.0,0.5418,3.25,False
2025-05-23,BOS,BAL,1,0,0.0,0.5418,3.25,False
2025-05-23,CHW,TEX,0,0,3.0,0.54,2.76,False
2025-05-23,CIN,CHC,1,1,8.0,0.5321,3.19,False
2025-05-23,COL,NYY,1,1,5.0,0.6456,3.87,False
2025-05-23,DET,CLE,0,0,2.0,0.5444,2.73,False
2025-05-23,HOU,SEA,0,1,5.0,0.51,2.94,False
2025-05-23,LAA,MIA,0,0,3.0,0.6179,2.29,False
2025-05-23,MIN,KCR,0,0,2.0,0.5861,2.48,False
2025-05-23,NYM,LAD,0,1,7.0,0.51,2.94,False
2025-05-23,PIT,MIL,0,0,2.0,0.57,2.58,False
2025-05-23,STL,,0,0,1.0,0.59,2.46,False
2025-05-23,TBR,TOR,0,0,3.0,0.5819,2.51,False
2025-05-23,WSN,SFG,0,0,0.0,0.66,2.04,False
2025-05-24,OAK,PHI,1,1,6.0,0.58,3.48,False
2025-05-24,ATL,SDP,0,0,4.0,0.5804,2.52,False
2025-05-24,BOS,BAL,1,1,8.0,0.5318,3.19,False
2025-05-24,BOS,BAL,0,1,8.0,0.55,2.7,False
2025-05-24,BOS,BAL,1,1,8.0,0.5318,3.19,False
2025-05-24,BOS,BAL,0,1,8.0,0.55,2.7,False
2025-05-24,BOS,BAL,1,0,0.0,0.5318,3.19,False
2025-05-24,BOS,BAL,0,0,0.0,0.55,2.7,False
2025-05-24,BOS,BAL,1,0,0.0,0.5318,3.19,False
2025-05-24,BOS,BAL,0,0,0.0,0.55,2.7,False
2025-05-24,CHW,TEX,0,1,6.0,0.56,2.64,False
2025-05-24,CIN,CHC,1,1,7.0,0.5267,3.16,False
2025-05-24,COL,NYY,1,1,12.0,0.62,3.72,False
2025-05-24,DET,CLE,0,1,5.0,0.5744,2.55,False
2025-05-24,HOU,SEA,0,0,3.0,0.5337,2.8,False
2025-05-24,LAA,MIA,0,0,4.0,0.6379,2.17,False
2025-05-24,MIN,KCR,0,1,7.0,0.6361,2.18,False
2025-05-24,NYM,LAD,0,1,6.0,0.5128,2.92,False
2025-05-24,PIT,MIL,0,0,2.0,0.57,2.58,False
2025-05-24,STL,,1,0,2.0,0.53,3.18,False
2025-05-24,TBR,TOR,0,0,3.0,0.5135,2.92,False
2025-05-24,WSN,SFG,0,0,2.0,0.65,2.1,False
2025-05-25,OAK,PHI,1,1,6.0,0.5039,3.02,False
2025-05-25,ATL,SDP,0,0,4.0,0.5804,2.52,False
2025-05-25,BOS,BAL,0,0,2.0,0.56,2.64,False
2025-05-25,CHW,TEX,0,0,3.0,0.62,2.28,False
2025-05-25,CIN,CHC,0,1,11.0,0.5379,2.77,False
2025-05-25,COL,NYY,1,1,6.0,0.8346,5.01,False
2025-05-25,DET,CLE,0,1,5.0,0.5744,2.55,False
2025-05-25,HOU,SEA,0,1,5.0,0.5237,2.86,False
2025-05-25,LAA,MIA,0,0,3.0,0.5979,2.41,False
2025-05-25,MIN,KCR,0,0,1.0,0.59,2.46,False
2025-05-25,NYM,LAD,0,0,1.0,0.5128,2.92,False
2025-05-25,PIT,MIL,0,0,4.0,0.56,2.64,False
2025-05-25,STL,,0,0,4.0,0.57,2.58,False
2025-05-25,TBR,TOR,0,1,9.0,0.5091,2.95,False
2025-05-25,WSN,SFG,0,0,4.0,0.58,2.52,False
2025-05-26,,PIT,1,1,5.0,0.67,4.02,False
2025-05-26,BAL,STL,1,1,7.0,0.5577,3.35,False
2025-05-26,CHC,COL,0,0,3.0,0.6628,2.02,False
2025-05-26,CLE,LAD,1,1,5.0,0.64,3.84,False
2025-05-26,DET,SFG,0,0,3.0,0.6044,2.37,False
2025-05-26,KCR,CIN,1,1,6.0,0.54,3.24,False
2025-05-26,LAA,NYY,1,1,5.0,0.56,3.36,False
2025-05-26,MIL,BOS,1,0,2.0,0.5663,3.4,False
2025-05-26,NYM,CHW,0,0,1.0,0.56,2.64,False
2025-05-26,SDP,MIA,0,1,5.0,0.5128,2.92,False
2025-05-26,TBR,MIN,0,0,0.0,0.6761,1.94,False
2025-05-26,TEX,TOR,1,0,3.0,0.6056,3.63,False
2025-05-27,,PIT,1,1,6.0,0.67,4.02,False
2025-05-27,BAL,STL,0,1,7.0,0.5167,2.9,False
2025-05-27,CHC,COL,0,0,3.0,0.5828,2.5,False
2025-05-27,CLE,LAD,1,1,7.0,0.69,4.14,False
2025-05-27,DET,SFG,0,0,3.0,0.5744,2.55,False
2025-05-27,HOU,OAK,0,1,10.0,0.71,1.74,False
2025-05-27,KCR,CIN,0,0,4.0,0.51,2.94,False
2025-05-27,LAA,NYY,1,0,1.0,0.63,3.78,False
2025-05-27,MIL,BOS,1,0,0.0,0.5463,3.28,False
2025-05-27,NYM,CHW,0,1,7.0,0.58,2.52,False
2025-05-27,PHI,ATL,1,0,1.0,0.5639,3.38,False
2025-05-27,SDP,MIA,1,1,13.0,0.5072,3.04,False
2025-05-27,SEA,WSN,0,1,5.0,0.6032,2.38,False
2025-05-27,TBR,MIN,0,0,3.0,0.6461,2.12,False
2025-05-27,TEX,TOR,1,0,0.0,0.62,3.72,False
2025-05-28,,PIT,1,0,3.0,0.67,4.02,False
2025-05-28,BAL,STL,1,1,9.0,0.5033,3.02,False
2025-05-28,CHC,COL,0,0,2.0,0.5928,2.44,False
2025-05-28,CLE,LAD,1,0,3.0,0.68,4.08,False
2025-05-28,DET,SFG,0,1,7.0,0.5844,2.49,False
2025-05-28,HOU,OAK,0,1,5.0,0.71,1.74,False
2025-05-28,KCR,CIN,0,0,2.0,0.51,2.94,False
2025-05-28,LAA,NYY,1,0,1.0,0.64,3.84,False
2025-05-28,MIL,BOS,1,1,5.0,0.5263,3.16,False
2025-05-28,NYM,CHW,1,1,8.0,0.52,3.12,False
2025-05-28,PHI,ATL,1,0,0.0,0.5868,3.52,False
2025-05-28,SDP,MIA,1,1,12.0,0.5272,3.16,False
2025-05-28,SEA,WSN,0,1,6.0,0.6779,1.93,False
2025-05-28,TBR,MIN,0,0,4.0,0.66,2.04,False
2025-05-28,TEX,TOR,1,0,0.0,0.62,3.72,False
2025-05-29,HOU,TBR,1,1,5.0,0.52,3.12,False
2025-05-29,PHI,ATL,1,0,3.0,0.5368,3.22,False
2025-05-29,PHI,ATL,1,0,3.0,0.5368,3.22,False
2025-05-29,PHI,ATL,1,0,3.0,0.5329,3.2,False
2025-05-29,PHI,ATL,1,0,3.0,0.5329,3.2,False
2025-05-29,PHI,ATL,1,0,4.0,0.5368,3.22,False
2025-05-29,PHI,ATL,1,0,4.0,0.5368,3.22,False
2025-05-29,PHI,ATL,1,0,4.0,0.5329,3.2,False
2025-05-29,PHI,ATL,1,0,4.0,0.5329,3.2,False
2025-05-29,SEA,WSN,0,0,0.0,0.6579,2.05,False
2025-05-29,TOR,OAK,0,1,11.0,0.61,2.34,False
2025-05-30,,WSN,1,1,12.0,0.54,3.24,False
2025-05-30,ATL,BOS,1,0,3.0,0.6003,3.6,False
2025-05-30,BAL,CHW,0,0,0.0,0.557,2.66,False
2025-05-30,CHC,CIN,1,0,4.0,0.58,3.48,False
2025-05-30,CLE,LAA,0,0,1.0,0.5,3.0,False
2025-05-30,HOU,TBR,1,0,1.0,0.54,3.24,False
2025-05-30,KCR,DET,1,1,8.0,0.52,3.12,False
2025-05-30,LAD,NYY,1,1,7.0,0.58,3.48,False
2025-05-30,MIA,SFG,0,0,2.0,0.6761,1.94,False
2025-05-30,NYM,COL,0,0,3.0,0.52,2.88,False
2025-05-30,PHI,MIL,0,1,6.0,0.5271,2.84,False
2025-05-30,SDP,PIT,0,0,1.0,0.62,2.28,False
2025-05-30,SEA,MIN,0,1,6.0,0.62,2.28,False
2025-05-30,TEX,STL,1,1,5.0,0.58,3.48,False
2025-05-30,TOR,OAK,0,1,14.0,0.63,2.22,False
2025-05-31,,WSN,1,1,13.0,0.53,3.18,False
2025-05-31,ATL,BOS,1,1,5.0,0.5703,3.42,False
2025-05-31,BAL,CHW,0,1,5.0,0.547,2.72,False
2025-05-31,CHC,CIN,1,0,0.0,0.54,3.24,False
2025-05-31,CLE,LAA,0,1,8.0,0.53,2.82,False
2025-05-31,HOU,TBR,1,1,7.0,0.53,3.18,False
2025-05-31,KCR,DET,0,0,0.0,0.58,2.52,False
2025-05-31,LAD,NYY,1,1,15.0,0.57,3.42,False
2025-05-31,MIA,SFG,0,0,1.0,0.64,2.16,False
2025-05-31,NYM,COL,0,1,8.0,0.54,2.76,False
2025-05-31,PHI,MIL,1,1,13.0,0.5029,3.02,False
2025-05-31,SDP,PIT,0,0,3.0,0.58,2.52,False
2025-05-31,SEA,MIN,0,1,5.0,0.62,2.28,False
2025-05-31,TEX,STL,1,0,2.0,0.57,3.42,False
2025-05-31,TOR,OAK,0,1,12.0,0.79,1.26,False
2025-06-01,,WSN,0,0,4.0,0.52,2.88,False
2025-06-01,ATL,BOS,1,0,4.0,0.6303,3.78,False
2025-06-01,BAL,CHW,0,0,2.0,0.53,2.82,False
2025-06-01,CHC,CIN,1,1,5.0,0.6,3.6,False
2025-06-01,CLE,LAA,0,0,4.0,0.52,2.88,False
2025-06-01,HOU,TBR,1,0,1.0,0.52,3.12,False
2025-06-01,KCR,DET,0,0,1.0,0.54,2.76,False
2025-06-01,LAD,NYY,0,1,7.0,0.51,2.94,False
2025-06-01,MIA,SFG,0,0,4.0,0.6761,1.94,False
2025-06-01,NYM,COL,0,1,7.0,0.58,2.52,False
2025-06-01,PHI,MIL,0,0,3.0,0.64,2.16,False
2025-06-01,SDP,PIT,0,1,5.0,0.58,2.52,False
2025-06-01,SEA,MIN,0,0,0.0,0.64,2.16,False
2025-06-01,TEX,STL,1,0,3.0,0.56,3.36,False
2025-06-01,TOR,OAK,0,1,5.0,0.77,1.38,False
2025-06-02,OAK,MIN,1,1,10.0,0.56,3.36,False
2025-06-02,BOS,LAA,1,1,11.0,0.52,3.12,False
2025-06-02,CHW,DET,1,1,8.0,0.5721,3.43,False
2025-06-02,CIN,MIL,0,1,5.0,0.527,2.84,False
2025-06-02,LAD,NYM,0,0,2.0,0.6486,2.11,False
2025-06-02,MIA,COL,0,1,9.0,0.61,2.34,False
2025-06-02,SFG,SDP,0,0,0.0,0.6287,2.23,False
2025-06-03,OAK,MIN,0,0,3.0,0.56,2.64,False
2025-06-03,ATL,,1,1,8.0,0.6,3.6,False
2025-06-03,BOS,LAA,1,0,4.0,0.51,3.06,False
2025-06-03,CHW,DET,1,0,1.0,0.6,3.6,False
2025-06-03,CIN,MIL,0,0,4.0,0.527,2.84,False
2025-06-03,LAD,NYM,0,1,9.0,0.6037,2.38,False
2025-06-03,MIA,COL,0,0,4.0,0.64,2.16,False
2025-06-03,NYY,CLE,0,0,1.0,0.5061,2.96,False
2025-06-03,PIT,HOU,0,0,0.0,0.5579,2.65,False
2025-06-03,SFG,SDP,0,0,2.0,0.6244,2.25,False
2025-06-03,SEA,BAL,0,0,3.0,0.5301,2.82,False
2025-06-03,STL,KCR,1,1,15.0,0.52,3.12,False
2025-06-03,TBR,TEX,0,0,1.0,0.52,2.88,False
2025-06-03,TOR,PHI,0,1,8.0,0.5466,2.72,False
2025-06-03,WSN,CHC,0,1,10.0,0.5239,2.86,False
2025-06-04,OAK,MIN,0,,,0.56,2.64,True
2025-06-04,ATL,,1,,,0.62,3.72,True
2025-06-04,BOS,LAA,1,,,0.5321,3.19,True
2025-06-04,CHW,DET,1,,,0.5821,3.49,True
2025-06-04,CIN,MIL,0,,,0.547,2.72,True
2025-06-04,LAD,NYM,0,,,0.6537,2.08,True
2025-06-04,MIA,COL,0,,,0.64,2.16,True
2025-06-04,NYY,CLE,1,,,0.5011,3.01,True
2025-06-04,PIT,HOU,0,,,0.5879,2.47,True
2025-06-04,SFG,SDP,0,,,0.6244,2.25,True
2025-06-04,SEA,BAL,0,,,0.5532,2.68,True
2025-06-04,STL,KCR,0,,,0.6228,2.26,True
2025-06-04,TBR,TEX,0,,,0.51,2.94,True
2025-06-04,TOR,PHI,0,,,0.5156,2.91,True
2025-06-04,WSN,CHC,0,,,0.5175,2.9,True
2025-06-05,OAK,MIN,1,,,0.52,3.12,True
2025-06-05,ATL,,1,,,0.62,3.72,True
2025-06-05,CHW,DET,1,,,0.5821,3.49,True
2025-06-05,LAD,NYM,0,,,0.6037,2.38,True
2025-06-05,NYY,CLE,1,,,0.5611,3.37,True
2025-06-05,PIT,HOU,0,,,0.5823,2.51,True
2025-06-05,SFG,SDP,0,,,0.5944,2.43,True
2025-06-05,SEA,BAL,0,,,0.53,2.82,True
2025-06-05,STL,KCR,0,,,0.6028,2.38,True
2025-06-05,TBR,TEX,0,,,0.51,2.94,True
2025-06-05,TOR,PHI,0,,,0.5156,2.91,True
2025-06-05,WSN,CHC,0,,,0.5475,2.72,True
